Loudness,Energy,Tempo,Valence,Mood
-37.52759287,0.827518922,115.1089728,0.542878132,Motivational
-2.957141615,0.764527795,126.2809923,0.832893595,Happy
-50.63888157,0.200474516,181.7509559,0.55681836,Calm
-50.64032878,0.10926421,72.33882034,0.946378653,Calm
-23.9330993,0.846968854,85.4544714,0.606689323,Happy
-17.51564533,0.893090205,120.2485145,0.930448601,Happy
-58.76493034,0.062457594,83.16996845,0.836927833,Romantic
-1.80540887,0.883464763,158.9245781,0.995483611,Happy
-10.05344155,0.448319055,134.9486875,0.022568583,Dark
-49.09050197,0.626592511,87.50817537,0.609467763,Romantic
-48.99572941,0.926382607,89.64442069,0.820576439,Happy
-41.74546542,0.019116094,65.80962557,0.285244342,Sad
-28.5146141,0.476843468,105.0894549,0.239211088,Groovy
-34.08329888,0.687722042,138.3642526,0.786975799,Calm
-51.63036836,0.134435129,120.9554853,0.505809223,Calm
-42.47132109,0.299395588,193.436816,0.560348674,Calm
-38.0182894,0.358715525,160.6943281,0.728615157,Calm
-48.01957307,0.210704964,96.24659847,0.585375423,Calm
-29.1459337,0.957448019,67.39573609,0.547616101,Motivational
-23.54730889,0.676821299,102.388518,0.084648754,Groovy
-56.09690442,0.294619396,139.0183223,0.224582383,Sad
-2.062078016,0.737869519,83.27574625,0.840442751,Happy
-11.49615911,0.834144597,113.1632367,0.701293342,Happy
-41.72317385,0.740476132,146.4071918,0.789040604,Happy
-54.13967316,0.142850287,195.774641,0.350975624,Sad
-18.94601841,0.753427922,161.8683593,0.404653742,Energetic
-57.93668873,0.84592144,86.88327168,0.590916093,Motivational
-44.4732011,0.088604714,147.2731392,0.166829705,Sad
-41.29733543,0.077649335,128.5700215,0.779531682,Calm
-28.79591873,0.407543031,134.0119246,0.252586007,Groovy
-27.19738324,0.407106489,106.8219538,0.829643805,Romantic
-48.90873267,0.066009844,132.703777,0.703936667,Calm
-1.824922334,0.348820534,87.65782679,0.945673537,Romantic
-3.630063506,0.80823521,86.00877366,0.661969839,Happy
-6.310358974,0.947688026,71.89528058,0.464854781,Energetic
-4.687545899,0.955115207,152.1630415,0.449598906,Energetic
-54.69044988,0.522576599,121.2803555,0.188632246,Groovy
-48.24102825,0.299565678,98.74557847,0.507897416,Calm
-57.28636267,0.076862075,138.1439657,0.528584201,Calm
-40.48018015,0.500624268,108.580327,0.810603848,Romantic
-36.67936262,0.794515544,190.6014766,0.735520706,Happy
-43.71905809,0.707086477,189.1703195,0.663791624,Happy
-10.27574945,0.050226011,130.3320548,0.113387096,Sad
-38.5948004,0.072901835,105.9037592,0.720616291,Romantic
-43.14392942,0.402873283,163.198538,0.500305156,Calm
-27.43823501,0.295290494,65.13981209,0.894099536,Calm
-51.5445465,0.232384323,126.4676608,0.919870934,Calm
-11.86818115,0.281004499,107.0852752,0.055156591,Sad
-55.52696138,0.803482743,188.8750239,0.82064156,Happy
-0.786783804,0.929228054,61.68042382,0.03769739,Energetic
-13.66531384,0.405102695,137.3940826,0.367169626,Groovy
-48.07705911,0.906111002,163.6929013,0.542299976,Motivational
-59.66867297,0.321495701,127.9025183,0.148100799,Sad
-17.58855937,0.226028998,196.1445946,0.008354704,Sad
-16.25956992,0.640476042,132.5214604,0.168599048,Groovy
-13.7237792,0.978981115,145.9860742,0.58079683,Motivational
-55.5573209,0.603493096,93.12536958,0.714387562,Romantic
-38.49205629,0.357814084,127.6897319,0.916643103,Calm
-53.04785643,0.647817446,120.0809289,0.705496652,Calm
-41.3410607,0.585864788,87.29415801,0.534554545,Calm
-40.48900068,0.624783863,130.6876032,0.675129886,Calm
-17.20531277,0.803958508,67.3841533,0.839998223,Happy
-26.32336815,0.520169892,76.51614771,0.894761987,Calm
-13.7419692,0.142875961,66.32119102,0.117557249,Sad
-30.37226422,0.77534615,121.3059842,0.990222535,Happy
-28.63603024,0.27140938,178.1590861,0.209406714,Sad
-58.4748524,0.284274093,119.0397665,0.997422939,Romantic
-53.52651438,0.133828363,65.58915456,0.281073885,Sad
-58.11424886,0.629557697,122.870992,0.668019453,Calm
-21.81537532,0.054332035,140.8658313,0.176682314,Sad
-41.13864114,0.748645234,139.9269875,0.580228532,Calm
-29.48575853,0.317586795,106.5397369,0.904034986,Romantic
-5.546011564,0.000134693,104.1746453,0.320181167,Sad
-45.04246625,0.511129139,74.92730665,0.670253976,Calm
-35.37702462,0.046851909,111.3517649,0.187903589,Sad
-55.38120541,0.062689622,195.2784017,0.211208259,Sad
-50.32672276,0.003819923,181.1099539,0.178841069,Sad
-11.51277723,0.740904056,158.1211976,0.397186886,Energetic
-21.99577461,0.31627015,99.92881238,0.245279305,Sad
-11.77967539,0.360233919,123.7909369,0.320536167,Sad
-48.80579647,0.270393286,127.4824276,0.744419254,Calm
-6.446460091,0.842711902,166.0887185,0.971219912,Happy
-11.55359069,0.788932472,104.5255456,0.8610334,Happy
-6.234522005,0.891872145,189.4498508,0.565863074,Motivational
-53.39688453,0.909943144,127.9888018,0.690622742,Happy
-46.32389025,0.377318054,187.7921121,0.513434497,Calm
-34.37353268,0.964078416,145.4508211,0.650606523,Happy
-59.58287217,0.49381404,108.0585685,0.901177623,Romantic
-29.35516185,0.387648805,179.2867782,0.750669014,Calm
-34.95533981,0.632711879,138.2905384,0.488604926,Groovy
-46.67353137,0.703857092,132.0639071,0.603222136,Happy
-52.80807796,0.00436327,73.9411599,0.325581133,Sad
-39.74308972,0.166953089,62.2439419,0.9835973,Calm
-3.425417765,0.713046051,194.9159264,0.667351163,Happy
-40.60782408,0.666385414,112.7780634,0.043846852,Groovy
-17.81886247,0.76103779,71.16011025,0.623314434,Happy
-1.693075037,0.702540502,190.5593392,0.023884191,Energetic
-44.89306225,0.105364922,77.65614513,0.33269018,Sad
-42.90957034,0.048186012,116.8983151,0.164717747,Sad
-57.78678316,0.360050466,183.1772847,0.689143357,Calm
-23.42613996,0.956799815,150.8156135,0.514571116,Motivational
-43.28121215,0.457699605,78.38031608,0.591807908,Calm
-5.504046842,0.208882724,103.3568396,0.072229348,Sad
-45.62628656,0.368707171,88.25129276,0.147453009,Sad
-51.30630767,0.369813256,187.2357097,0.073245604,Sad
-30.63283438,0.05235502,166.4560094,0.812317333,Calm
-0.860972753,0.767567629,154.6957716,0.752409233,Happy
-45.47668371,0.416504432,102.1352847,0.753312932,Romantic
-19.67186716,0.822179887,85.76626809,0.716325343,Happy
-14.30282308,0.850348001,165.9031523,0.669385424,Happy
-16.30701908,0.657353482,91.6105373,0.642278164,Romantic
-22.06165016,0.880156738,65.6467393,0.621464423,Happy
-21.98821735,0.215740679,105.6638356,0.777877706,Romantic
-27.85351896,0.6778132,125.5979792,0.50035836,Calm
-9.881850265,0.295301478,197.8516269,0.277426735,Sad
-40.7531961,0.136600904,89.27363104,0.64280205,Romantic
-48.80888938,0.65163976,78.24943821,0.692801199,Calm
-57.55349151,0.738597458,88.49488234,0.8709676,Happy
-24.54642341,0.315627344,167.6685586,0.342334082,Sad
-19.34613829,0.644832604,119.5707923,0.769772307,Romantic
-59.00473026,0.395130908,139.1582316,0.561355824,Calm
-29.2744165,0.713206883,62.94128198,0.882836491,Happy
-46.41025349,0.199215275,64.8203832,0.527812108,Calm
-21.28963258,0.890215003,122.415577,0.517629828,Motivational
-49.53801426,0.287409596,174.331734,0.577877081,Calm
-36.79587922,0.058091952,72.13891946,0.964690479,Calm
-3.796200676,0.111512212,135.3708343,0.073563354,Sad
-39.53601894,0.267592677,114.3161856,0.937550337,Romantic
-53.19158873,0.835480226,176.1392164,0.529875626,Motivational
-44.52350234,0.337345547,165.1992645,0.093657453,Sad
-26.6879513,0.413642675,110.8765505,0.311703321,Groovy
-45.48886255,0.404289747,98.57934868,0.837841381,Romantic
-54.41383393,0.530937678,106.5041531,0.072357258,Groovy
-5.97491657,0.009923821,167.1442819,0.25666169,Sad
-39.65821254,0.963499241,88.67233727,0.935994179,Happy
-39.04742552,0.51903228,171.7197249,0.678122502,Calm
-6.774814544,0.773991378,114.2112398,0.343979636,Energetic
-13.20746725,0.772921482,99.58716399,0.277258416,Energetic
-21.47810123,0.521296048,102.6286594,0.996683278,Romantic
-54.9516021,0.976013823,197.6125631,0.750790231,Happy
-50.30227715,0.125550215,149.9888379,0.644719977,Calm
-6.086748688,0.016947665,160.4746621,0.355289643,Sad
-53.91170743,0.120207229,172.2576236,0.554181255,Calm
-59.69630497,0.017552363,181.7347141,0.53737919,Calm
-50.35151691,0.293308611,85.29205578,0.840785072,Romantic
-20.88232443,0.348095593,105.670871,0.237070391,Sad
-17.26924672,0.001353626,115.1257198,0.072376393,Sad
-45.76505475,0.299800528,145.1495927,0.954131642,Calm
-40.47601811,0.646458742,122.2402901,0.223255401,Groovy
-15.21051569,0.974194444,163.9317912,0.922307775,Happy
-20.54322646,0.898560605,101.9901156,0.554058383,Motivational
-25.9014838,0.783198413,126.4032131,0.930832864,Happy
-37.93705182,0.457995759,109.6716206,0.748238806,Romantic
-44.08785794,0.398005293,115.9976226,0.903050653,Romantic
-45.3606214,0.302915729,68.03485812,0.139720567,Sad
-1.619366715,0.065694859,141.6630147,0.096125852,Sad
-6.477206689,0.246603635,81.24400781,0.933678906,Romantic
-12.31132179,0.747444407,153.0634887,0.527456464,Energetic
-29.84177441,0.473809828,118.7068553,0.141126118,Groovy
-25.38576692,0.057844449,158.1536622,0.000789511,Sad
-30.44893837,0.957789801,117.5024161,0.810140091,Happy
-16.65287308,0.785189543,61.02942624,0.633849819,Happy
-43.15365825,0.991327902,156.840816,0.914616455,Happy
-21.27166225,0.96276835,65.37612283,0.665272836,Happy
-49.37335924,0.075605041,111.555015,0.078698577,Sad
-2.76428538,0.225381268,118.9031188,0.163931721,Sad
-37.79047798,0.140802949,187.3902221,0.301231295,Sad
-4.300886245,0.781321856,141.4898184,0.599430542,Energetic
-2.182801375,0.81112377,123.96433,0.302640341,Energetic
-8.819432672,0.635954707,126.5151711,0.66237186,Groovy
-42.33306648,0.388165706,114.047131,0.158283051,Sad
-36.89413628,0.674130296,195.3388596,0.688117659,Calm
-8.931799709,0.259904979,157.6032756,0.128188073,Sad
-26.59192425,0.290504506,127.2783917,0.748375249,Calm
-3.83071355,0.469988268,69.6255469,0.262035005,Dark
-18.2382122,0.890141137,136.9604157,0.881717306,Happy
-25.79632979,0.70772135,118.4029991,0.891820211,Happy
-54.16941037,0.062203226,182.8849167,0.196441315,Sad
-23.0995664,0.147303044,88.55924451,0.613845945,Romantic
-0.596768994,0.007841591,175.7050453,0.087717642,Sad
-51.59495909,0.63092179,138.0764168,0.3915371,Groovy
-28.90022086,0.447673425,67.64544245,0.71332173,Calm
-15.55388293,0.957934121,131.7661342,0.624700669,Happy
-18.17905554,0.529659724,100.7227596,0.282540864,Groovy
-17.85095496,0.241893294,125.7169579,0.378024949,Sad
-42.38448934,0.679620333,102.6864374,0.71902282,Romantic
-7.975660885,0.806965491,101.7003158,0.248943525,Energetic
-29.31945607,0.546577142,126.0276911,0.334215337,Groovy
-12.10228926,0.043899943,83.26589995,0.341047873,Sad
-21.00216415,0.16574978,106.5821267,0.803304574,Romantic
-37.46502284,0.981192529,85.08294856,0.879204338,Happy
-25.30319154,0.853784922,124.4497522,0.94475008,Happy
-27.44132192,0.196925704,67.02454904,0.924218435,Calm
-24.55000437,0.994819294,160.8639438,0.581424895,Motivational
-58.169985,0.711722806,99.45550046,0.548932524,Calm
-38.38856152,0.259541783,63.05853968,0.652264006,Calm
-52.37636924,0.436995886,168.4279844,0.727131197,Calm
-54.8791521,0.19010765,63.79493133,0.263473446,Sad
-27.5618927,0.943701593,166.6645852,0.986349923,Happy
-16.43451998,0.521459639,120.5975889,0.11530109,Groovy
-1.448875232,0.977307908,134.9759462,0.106991261,Energetic
-29.0219791,0.757310207,126.777675,0.719459968,Happy
-40.62261162,0.161671436,114.4892066,0.854568664,Romantic
-12.28882831,0.476900106,184.239435,0.2569523,Dark
-33.66171476,0.247340316,107.014291,0.223090018,Sad
-9.841192769,0.565085312,131.2542657,0.229918371,Dark
-18.24154763,0.771626911,123.3954727,0.515945879,Energetic
-49.6023408,0.012103117,194.2420622,0.940537301,Calm
-50.61377744,0.009038469,79.99400263,0.905943968,Calm
-44.98542611,0.357029344,141.1761406,0.566806105,Calm
-17.12424464,0.22867678,99.06116065,0.381146882,Sad
-20.3881574,0.634363689,116.6956022,0.411852283,Groovy
-43.20396618,0.222075871,199.831011,0.727579322,Calm
-15.726185,0.84804209,140.9958545,0.856729947,Happy
-26.73875685,0.728861442,71.56010212,0.944094786,Happy
-23.29675523,0.095399277,81.6329162,0.335946153,Sad
-34.82399625,0.428702021,121.5388118,0.560694481,Calm
-45.13614063,0.029169764,131.4644184,0.095056537,Sad
-14.52923337,0.662434012,104.3039983,0.413465767,Groovy
-59.13639068,0.118502624,72.17538284,0.206202716,Sad
-53.03564157,0.288884939,102.4507697,0.876560491,Romantic
-57.23984148,0.397836626,195.3181815,0.158286256,Sad
-8.672364959,0.993255015,106.8829606,0.60569924,Happy
-54.12995036,0.371724066,60.86573517,0.869099069,Calm
-30.50304749,0.392458186,173.4956998,0.568319151,Calm
-36.08971594,0.577122586,194.5044824,0.820735841,Calm
-21.89438095,0.787549086,61.98752883,0.832162454,Happy
-37.52324312,0.564074029,122.9921144,0.118461705,Groovy
-22.44840506,0.358578462,157.0072475,0.013639846,Sad
-20.4783821,0.191592946,100.2515679,0.790259904,Romantic
-21.45484331,0.505957908,116.7903363,0.421118904,Groovy
-24.85346512,0.038929963,196.8439188,0.231348713,Sad
-3.586185515,0.036018818,179.4644061,0.136371105,Sad
-25.47154933,0.175221772,129.766624,0.196688558,Sad
-21.40270689,0.282478744,91.8165475,0.198130742,Sad
-27.26299264,0.581622293,157.2958186,0.627258401,Calm
-3.512111473,0.43661419,132.123384,0.316375407,Groovy
-36.83384173,0.580088835,198.6399239,0.973144711,Calm
-2.328566171,0.516698385,145.5878319,0.193717051,Dark
-5.678961483,0.758776254,111.9363198,0.34582857,Energetic
-48.25253191,0.282496066,168.1012839,0.357841159,Sad
-55.83832195,0.353050392,83.86475162,0.008451496,Sad
-53.95331992,0.894094303,113.8322139,0.839207953,Happy
-54.33342235,0.892558227,120.4529933,0.940179835,Happy
-55.72868109,0.780365503,127.7842245,0.535521916,Calm
-40.86146218,0.476335733,171.162023,0.543595575,Calm
-58.60368386,0.204680109,107.8897209,0.387050012,Sad
-43.08871351,0.186135898,93.36055388,0.044768389,Sad
-52.91011034,0.331564699,91.41361717,0.054047627,Sad
-18.19577008,0.855030202,130.6304094,0.45723042,Energetic
-15.89573737,0.069007593,150.7616538,0.104660634,Sad
-11.79114418,0.940784521,131.553135,0.822647927,Happy
-43.07792565,0.506920438,122.372494,0.210047337,Groovy
-14.9631149,0.810878581,139.9678858,0.316602435,Energetic
-11.58991564,0.835825928,180.8804209,0.400155273,Energetic
-0.56969148,0.332191033,79.52303307,0.150495498,Sad
-35.24293939,0.693618057,139.6889048,0.503570074,Calm
-37.67891485,0.771122816,181.5171477,0.80164259,Happy
-4.154560464,0.875883084,112.0860995,0.848767585,Happy
-14.94773593,0.425228185,115.2271147,0.257695648,Dark
-53.81256787,0.127866801,94.15934233,0.577020402,Calm
-5.846825599,0.765546751,195.3427919,0.22114761,Energetic
-29.68485765,1.16E-05,194.1393368,0.269119753,Sad
-10.41255203,0.416565828,94.66843003,0.803133089,Romantic
-40.79702394,0.522510181,108.7272738,0.044145562,Groovy
-59.34974091,0.226125331,122.0814744,0.796068525,Calm
-5.677081415,0.30419872,104.9395864,0.394775317,Sad
-40.84118174,0.230416662,156.2876889,0.880650577,Calm
-2.963571184,0.729344794,163.1062444,0.537493754,Energetic
-22.08976727,0.224293483,66.90122899,0.002347474,Sad
-33.09326868,0.663047192,114.0802787,0.244799873,Groovy
-42.4073537,0.741896327,109.4862469,0.680583093,Happy
-19.64889264,0.422629197,128.7427668,0.113761959,Groovy
-12.50525738,0.325295134,86.91610859,0.647837039,Romantic
-12.62291143,0.712621333,103.3257369,0.712071992,Happy
-30.33478172,0.181613968,117.5558784,0.079588147,Sad
-56.5464744,0.370941008,122.2597888,0.940397034,Calm
-33.50816992,0.80669352,197.6677076,0.853346498,Happy
-6.737749035,0.984858403,93.8241787,0.86349145,Happy
-38.94509925,0.75424826,155.3794955,0.772522592,Happy
-52.97597901,0.393195201,160.2378571,0.168833607,Sad
-51.42049908,0.590637834,145.0254184,0.821801459,Calm
-17.94185211,0.167321304,163.5413648,0.121889212,Sad
-55.63421962,0.780631717,89.53578469,0.509757067,Calm
-17.62546637,0.952221786,64.24953277,0.359338991,Energetic
-54.90973715,0.265326138,124.4460671,0.363514457,Sad
-0.80162529,0.601553879,90.46231159,0.641006057,Romantic
-37.54375225,0.296559912,78.7289403,0.901259208,Calm
-11.23202596,0.759005283,70.17318226,0.38140881,Energetic
-3.165085357,0.102515964,87.87307879,0.140868604,Sad
-0.839936171,0.513854464,108.6951286,0.62494377,Romantic
-37.42442487,0.36928077,136.2721519,0.931912733,Calm
-13.37118504,0.82750632,100.5619177,0.950211206,Happy
-34.54667945,0.714326636,89.89599963,0.603013863,Happy
-5.618736894,0.461716144,117.5602071,0.057132719,Dark
-53.32815106,0.920994521,158.5644034,0.893774188,Happy
-30.44249374,0.694595427,90.44341051,0.529809057,Calm
-59.31878131,0.728981062,111.3350432,0.669348351,Happy
-31.88036148,0.861690904,114.7284398,0.831573926,Happy
-56.62180346,0.274071589,196.7039141,0.150310622,Sad
-52.94842519,0.195240603,172.0192616,0.878881146,Calm
-21.04738187,0.345341952,93.83224891,0.314933227,Sad
-15.23730724,0.335610454,69.52522397,0.128978908,Sad
-2.269647092,0.856537224,97.35123692,0.598306076,Motivational
-7.884052309,0.562072794,180.1652114,0.032799874,Dark
-2.206647634,0.496258753,110.3545786,0.895100029,Romantic
-59.27073152,0.38051771,156.2128081,0.982652411,Calm
-1.807270398,0.163035337,103.7967877,0.637047554,Romantic
-6.531413178,0.734443932,158.2191372,0.90584939,Happy
-28.33793345,0.384355039,61.37585736,0.516247823,Calm
-0.422112233,0.025193414,117.2855622,0.153749312,Sad
-55.57220612,0.838997328,106.1130977,0.921726669,Happy
-26.76874294,0.011417983,157.0728554,0.757469051,Calm
-1.841847863,0.70369978,167.2743662,0.731705273,Happy
-28.61412935,0.97025711,102.573249,0.709180704,Happy
-18.25507866,0.234973405,101.1483465,0.211006692,Sad
-32.72753611,0.70487101,122.4856904,0.688292998,Happy
-5.930519371,0.967035275,198.2315861,0.782001826,Happy
-57.27321718,0.051668722,91.52254339,0.783952518,Romantic
-2.975310955,0.718453947,145.3554672,0.792189938,Happy
-6.584172967,0.862640471,188.1137836,0.838621796,Happy
-32.66059483,0.179255612,81.89069983,0.654775751,Romantic
-43.35712902,0.552707076,139.5576063,0.27401178,Groovy
-48.71273042,0.396553682,98.45322177,0.314841155,Sad
-32.1780957,0.131715029,126.420888,0.116804108,Sad
-24.98063329,0.157273208,141.1038764,0.209519224,Sad
-0.827355331,0.871414034,148.4411386,0.104480317,Energetic
-18.11029716,0.672702994,132.6246986,0.720267924,Groovy
-27.83421802,0.796681397,67.1631709,0.687283004,Happy
-41.42834302,0.250467899,92.60019796,0.095754199,Sad
-11.17229882,0.6248741,128.8802421,0.922572405,Groovy
-18.91612965,0.571745983,103.4329397,0.568472202,Groovy
-5.34436893,0.90608706,130.5785979,0.756538583,Happy
-10.64776542,0.012156771,105.1933711,0.257365458,Sad
-3.012005202,0.674019919,96.13507004,0.693509837,Romantic
-16.4568295,0.051835799,124.9579584,0.039711208,Sad
-8.03616663,0.352958503,159.066882,0.22123782,Sad
-57.28687979,0.621292449,74.86993586,0.677073713,Calm
-58.41798153,0.334049966,168.6228156,0.772240276,Calm
-50.97498653,0.783759842,150.147114,0.894091369,Happy
-37.1465486,0.43276688,140.8294762,0.841808709,Calm
-9.700277717,0.056585656,134.0190248,0.230084492,Sad
-35.11082986,0.944448583,149.4548231,0.826217376,Happy
-56.6174702,0.671479149,120.9020432,0.524436346,Calm
-8.116657425,0.632282154,100.9717137,0.806096748,Romantic
-11.22593945,0.198992139,136.359913,0.353477475,Sad
-0.201789776,0.750939798,156.8300763,0.245631574,Energetic
-26.67409766,0.101372898,171.3016152,0.109279445,Sad
-13.86075509,0.277852776,82.86962296,0.794384225,Romantic
-3.314056207,0.276319108,74.60383223,0.098968623,Sad
-9.021156559,0.432018928,80.37216759,0.271381395,Dark
-45.1591139,0.980368741,182.7978587,0.855109422,Happy
-32.96735188,0.067502547,133.9464966,0.346469287,Sad
-52.25043509,0.518700994,125.4165394,0.97304535,Calm
-46.28143167,0.113303505,181.5199429,0.040978222,Sad
-53.18654447,0.422728637,75.7355838,0.707522819,Calm
-19.70560826,0.346524168,66.9032582,0.031174909,Sad
-28.78153795,0.397612379,96.04709031,0.87019669,Romantic
-13.6608965,0.264276263,78.9926054,0.138652529,Sad
-28.79018993,0.205332939,96.40672564,0.127311879,Sad
-8.869109981,0.483039698,113.9081278,0.175672298,Dark
-26.88558967,0.268533756,192.0175898,0.960266358,Calm
-26.34372171,0.287461665,145.4526484,0.69316936,Calm
-58.27303942,0.076979467,163.0288569,0.234484007,Sad
-22.78142692,0.951423221,149.4750986,0.551828734,Motivational
-17.75521391,0.29729079,107.7346763,0.631774844,Romantic
-47.22215031,0.092066986,199.6741169,0.257118504,Sad
-51.81771146,0.599044587,96.89720713,0.948654081,Romantic
-38.96474647,0.64850482,190.2941158,0.965653175,Calm
-24.60493879,0.267402028,63.45021665,0.014856123,Sad
-39.10467198,0.676026288,196.4215035,0.570664579,Calm
-36.20743306,0.312907394,175.0575052,0.732723415,Calm
-3.028762581,0.866095634,77.96898973,0.249958981,Energetic
-51.17559114,0.946733729,151.0262033,0.60952851,Happy
-30.47302242,0.154828613,187.6545997,0.369737811,Sad
-1.198045483,0.882993825,110.7210886,0.141844398,Energetic
-30.44291436,0.202632634,175.6946436,0.213801211,Sad
-21.99594874,0.701139594,124.3081118,0.683069575,Happy
-45.59126287,0.680111885,67.71421492,0.660727393,Calm
-55.44820031,0.408151691,119.7652619,0.950606372,Romantic
-52.26721669,0.015394892,125.6634916,0.729678414,Calm
-50.88583839,0.253101539,149.7520545,0.884245174,Calm
-51.67036964,0.450254246,103.6314083,0.862675163,Romantic
-49.08719494,0.399035318,69.2477431,0.585863051,Calm
-39.259963,0.839801607,196.159553,0.976078332,Happy
-31.56230158,0.672460498,126.9014297,0.905321828,Calm
-19.94653569,0.977006954,109.7397564,0.083038758,Energetic
-49.66080773,0.101893101,155.5516422,0.191051869,Sad
-57.54788302,0.433582793,160.1451235,0.584756808,Calm
-49.86389622,0.092625483,97.54005215,0.816227852,Romantic
-43.28457966,0.74838435,104.1935874,0.988262115,Happy
-52.76184773,0.258711642,65.57159783,0.801171503,Calm
-32.35327392,0.434403319,143.675527,0.604380719,Calm
-29.79496375,0.589453989,122.8652865,0.742310246,Calm
-18.57631028,0.613291685,124.3025163,0.770411787,Groovy
-12.03537607,0.24202208,153.9071036,0.30521453,Sad
-22.32597663,0.714052723,174.9763189,0.973742582,Happy
-55.09445808,0.091391486,94.25170764,0.663362611,Romantic
-4.747655968,0.877470047,177.4375071,0.280463224,Energetic
-56.33532241,0.738723151,182.7968655,0.731102983,Happy
-43.38734111,0.013745554,94.04519724,0.242183446,Sad
-11.62792321,0.24837626,137.0798888,0.171709989,Sad
-48.92873884,0.270806328,74.26302698,0.289987393,Sad
-47.4390406,0.24755977,187.5568702,0.628905145,Calm
-37.77167383,0.062526296,174.8710506,0.117938675,Sad
-30.92862089,0.458940517,166.4048863,0.654941105,Calm
-32.24791703,0.672871669,121.3261706,0.126936058,Groovy
-15.15174371,0.081149179,107.9353173,0.933615378,Romantic
-57.79900783,0.95149071,136.5066905,0.867354639,Happy
-17.19902485,0.805090318,165.9305169,0.778371905,Happy
-6.287589739,0.822983805,141.5409108,0.608571593,Happy
-29.29935347,0.932710508,86.12261356,0.970904711,Happy
-53.56967932,0.200282018,85.79481122,0.681460613,Romantic
-45.45176978,0.737917393,177.6487449,0.963817661,Happy
-43.84540614,0.521449024,62.44974996,0.538980874,Calm
-37.36295021,0.068458719,66.8606503,0.287879503,Sad
-58.79572813,0.371112938,140.1878387,0.120270963,Sad
-40.67525007,0.920766608,174.729396,0.70352834,Happy
-47.31311958,0.58444891,105.7434447,0.644856043,Romantic
-40.35015887,0.538331943,108.9460158,0.373938714,Groovy
-52.81427209,0.268853514,143.4885096,0.950941352,Calm
-6.568363156,0.36844892,98.38980448,0.022202813,Sad
-12.64972568,0.787387027,147.5909878,0.320935438,Energetic
-54.78478271,0.630247219,163.8357781,0.53422041,Calm
-27.77360749,0.248383609,154.5323173,0.82380175,Calm
-15.27363155,0.427601334,109.3473466,0.94302071,Romantic
-34.10042723,0.442545515,77.65541984,0.795072881,Calm
-42.97344565,0.936280621,154.6674045,0.712007961,Happy
-38.21506222,0.064006347,180.204015,0.384958723,Sad
-25.75330172,0.29238311,147.9685965,0.783290092,Calm
-38.63419645,0.443919455,85.77418527,0.962784808,Romantic
-0.809085072,0.021913329,74.79104836,0.126655873,Sad
-53.89305164,0.056176077,146.5599029,0.376311817,Sad
-50.3591176,0.105393218,176.8241554,0.685538621,Calm
-49.59758428,0.655173715,179.119386,0.816033502,Calm
-6.194074522,0.260236598,100.0589059,0.802560748,Romantic
-28.52931663,0.160462614,103.9826889,0.298450661,Sad
-35.37619038,0.070491946,194.1159493,0.638092726,Calm
-1.057282985,0.185646705,64.67930014,0.288152136,Sad
-36.12866406,0.881690612,83.31049659,0.730514654,Happy
-1.831774003,0.814125686,159.7108287,0.04032524,Energetic
-8.069572446,0.68513431,84.62463968,0.094768471,Dark
-10.97567574,0.110431863,92.95365667,0.006788174,Sad
-44.52583038,0.289187446,129.2119135,0.152943186,Sad
-49.74674476,0.309806875,188.076893,0.068990009,Sad
-19.8814068,0.249956946,89.6400121,0.995802368,Romantic
-4.237440652,0.51500566,80.19360296,0.28880997,Dark
-25.70323863,0.356885975,130.0867345,0.240996258,Sad
-43.20125438,0.353789159,187.6499157,0.936125572,Calm
-13.83042401,0.828555598,80.526038,0.520160223,Motivational
-40.57924582,0.307795832,92.60308046,0.873391458,Romantic
-45.45541606,0.326742542,143.1158468,0.207282523,Sad
-53.10979052,0.354424949,165.6758442,0.377796824,Sad
-23.36279745,0.505634153,103.3247607,0.316684356,Groovy
-42.68216681,0.941120813,122.7160319,0.677303959,Happy
-50.73823708,0.102567963,197.772525,0.577199746,Calm
-31.13159389,0.392730743,100.9148539,0.065892165,Sad
-28.04463405,0.55337119,101.2744134,0.191289157,Groovy
-56.89058779,0.503132473,109.6367492,0.407405272,Groovy
-39.80374331,0.193863068,139.0431714,0.936949254,Calm
-56.19750177,0.676940783,188.1405917,0.664074121,Calm
-0.602386057,0.837908375,97.19597908,0.255087222,Energetic
-11.40753325,0.748355854,74.48650891,0.0585366,Energetic
-14.38632841,0.160365406,83.62492138,0.174010448,Sad
-31.70542869,0.179253256,123.4036705,0.015838071,Sad
-35.28954515,0.693949591,192.4001152,0.557810126,Calm
-39.06790401,0.229598161,154.7548061,0.379461381,Sad
-2.09838536,0.001992135,102.5229065,0.313367694,Sad
-16.14795149,0.732401049,80.14151529,0.733401849,Happy
-49.12601603,0.161362801,119.2120961,0.192581632,Sad
-56.01022396,0.083554338,171.3809727,0.097618761,Sad
-25.53161321,0.165748177,78.24486064,0.349895464,Sad
-9.490273395,0.890855535,150.0800529,0.551317391,Motivational
-51.6136574,0.241536842,87.60561748,0.359543145,Sad
-12.28396129,0.354271327,73.66540534,0.125802336,Sad
-47.9023608,0.105345484,83.35880095,0.589331645,Calm
-50.18064343,0.222361305,189.3223954,0.525140852,Calm
-11.12551679,0.607752683,109.5690387,0.451869045,Groovy
-28.61607451,0.057732159,135.2185943,0.590426103,Calm
-38.47017095,0.391032869,154.7973969,0.096917327,Sad
-36.45329355,0.219553923,148.0227621,0.702738299,Calm
-11.00403363,0.959862803,97.2541916,0.792703406,Happy
-33.65190549,0.616300486,65.46089891,0.629117579,Calm
-37.38333423,0.556878443,123.7793495,0.152658165,Groovy
-32.23921286,0.415775104,184.7363439,0.710173267,Calm
-41.91732755,0.428944333,139.7296162,0.677341846,Calm
-27.38682833,0.411958095,197.1937626,0.590871923,Calm
-5.611673342,0.870526966,197.9841028,0.913205962,Happy
-52.98611756,0.532504066,94.10607088,0.921457736,Romantic
-39.90566312,0.117203906,169.2979026,0.622741276,Calm
-12.35848864,0.142841965,113.5966753,0.85985449,Romantic
-27.99233448,0.206252114,120.2199825,0.981029489,Calm
-12.68416733,0.895674778,103.4519245,0.793537402,Happy
-50.89950722,0.204316383,166.6981469,0.085599553,Sad
-45.09065161,0.419271661,191.7051203,0.758403673,Calm
-15.36322245,0.018124041,84.46937988,0.021986522,Sad
-57.98805392,0.792758114,182.464111,0.816877986,Happy
-25.80661891,0.069045906,163.2404018,0.013949019,Sad
-14.25247886,0.474255021,95.3972361,0.657118839,Romantic
-39.47509508,0.628426457,97.51961736,0.611494853,Romantic
-53.36209578,0.253272384,148.6450145,0.342475219,Sad
-9.212862496,0.009978777,160.9476525,0.107962448,Sad
-36.16276257,0.535656599,160.7143418,0.588936023,Calm
-12.16227805,0.836117703,63.93701088,0.520655354,Motivational
-51.00495436,0.821388363,112.5449884,0.742201009,Happy
-46.24491629,0.843326168,147.7454688,0.50973551,Motivational
-16.79780781,0.333628396,175.2205004,0.398087178,Sad
-27.4365334,0.183442196,116.7276,0.976020158,Romantic
-44.89205647,0.85497402,143.4461034,0.873555576,Happy
-49.10413699,0.466309756,62.36779199,0.587795405,Calm
-50.79891581,0.066973612,97.12390377,0.969439376,Romantic
-24.82621008,0.877350453,152.8003703,0.693209542,Happy
-29.64667927,0.389404939,195.1628088,0.070916191,Sad
-58.91338897,0.968065812,130.4025728,0.771323143,Happy
-26.09200898,0.074105423,196.8413458,0.64442317,Calm
-18.20095057,0.375468928,195.0094528,0.02833745,Sad
-4.650037129,0.803814545,82.9220541,0.82853026,Happy
-17.56568194,0.433472233,101.9192375,0.788275208,Romantic
-25.42269839,0.559059285,98.04046385,0.70867672,Romantic
-23.59709722,0.321162153,174.2338105,0.214854606,Sad
-34.55215972,0.220111326,112.964185,0.040330161,Sad
-15.81334586,0.350520534,72.3755754,0.201136543,Sad
-3.937979114,0.372533274,107.9115735,0.178628877,Sad
-4.465889226,0.068713678,197.3936668,0.337747997,Sad
-53.20571725,0.46423852,118.2625325,0.508538891,Calm
-0.909528062,0.722737752,83.31539189,0.476753876,Energetic
-9.666114813,0.656729485,198.0647516,0.270674606,Dark
-4.749487043,0.008363682,99.40682234,0.605101622,Romantic
-7.806218276,0.2176674,69.8096174,0.39574483,Sad
-36.05983777,0.005313476,141.3076017,0.746743308,Calm
-56.71430167,0.804494642,190.026879,0.857765548,Happy
-11.82879308,0.548419163,178.0123675,0.130931252,Dark
-59.72207862,0.066463326,122.4241268,0.696221436,Calm
-4.808663015,0.751746992,110.5702483,0.825308402,Happy
-39.18280789,0.518008066,69.89752515,0.903097507,Calm
-15.74992511,0.140324518,110.6156263,0.864230602,Romantic
-32.86692355,0.671157473,134.8719253,0.464582764,Groovy
-46.52371062,0.620473785,199.471429,0.744368204,Calm
-32.85362903,0.742253187,126.4346988,0.619445074,Happy
-51.54857878,0.169881006,174.247946,0.803075642,Calm
-30.09793364,0.890409517,171.4947012,0.785808484,Happy
-5.109245936,0.908228489,184.1233618,0.940965788,Happy
-59.2143326,0.889127924,118.4336119,0.821577692,Happy
-51.08023633,0.47392122,182.294797,0.968072503,Calm
-35.12255258,0.716397112,93.10648771,0.752986193,Happy
-54.87901992,0.270942698,89.6109449,0.811162604,Romantic
-0.187544889,0.202254181,163.0449561,0.032825499,Sad
-55.97541136,0.214912637,82.75154914,0.830032684,Romantic
-47.40566441,0.907838514,179.221396,0.852438886,Happy
-47.69162157,0.187920381,116.9483248,0.197313971,Sad
-48.55873676,0.076971669,166.7305699,0.317255216,Sad
-31.67598329,0.382798764,61.20666036,0.530859034,Calm
-13.468343,0.796241451,123.7552867,0.812693043,Happy
-32.80266992,0.271946039,132.5221488,0.132603991,Sad
-35.95421635,0.939068479,160.5295426,0.517120888,Motivational
-26.42158012,0.636374282,121.9771183,0.76361048,Calm
-49.08431217,0.269511862,92.62265502,0.789864621,Romantic
-3.233072272,0.694640959,142.3803737,0.113099739,Dark
-37.60144102,0.218715613,89.50683392,0.156331438,Sad
-21.36002741,0.264635027,147.924265,0.396889393,Sad
-35.47594973,0.661968945,176.191543,0.74354427,Calm
-58.47681866,0.814939729,118.1878895,0.58073714,Motivational
-17.04166627,0.760851331,181.381625,0.170760283,Energetic
-20.46456349,0.187722406,153.6975608,0.226837102,Sad
-58.37424045,0.088384947,122.7319682,0.575501018,Calm
-46.68167028,0.698948828,128.3060273,0.423438805,Groovy
-46.1355122,0.368347214,88.59590551,0.514927509,Calm
-58.81736773,0.031149093,110.2239515,0.662906252,Romantic
-53.75348508,0.259576449,199.3903247,0.852538741,Calm
-12.00503488,0.033676404,127.2256921,0.257939507,Sad
-54.03351643,0.038979321,172.114534,0.595046345,Calm
-45.40966854,0.666847391,123.1582098,0.0901957,Groovy
-8.658211914,0.897919187,142.0729698,0.089631773,Energetic
-10.18680813,0.888118189,128.9313868,0.959235435,Happy
-36.16898822,0.325290618,86.92420819,0.715662652,Romantic
-19.91489181,0.900960896,124.9510769,0.788159788,Happy
-47.70094228,0.996157673,94.41460218,0.704104361,Happy
-42.41113618,0.825415664,188.077901,0.589729036,Motivational
-6.219850889,0.844871348,106.9569539,0.449912781,Energetic
-59.21988459,0.249008736,193.316962,0.85837338,Calm
-54.86948815,0.576702399,134.6277406,0.956835668,Calm
-58.40806777,0.094917937,136.0116622,0.931535049,Calm
-49.11387389,0.998892612,78.11328638,0.58333291,Motivational
-25.01750634,0.326639249,112.6149707,0.538384187,Calm
-6.439697335,0.806665053,147.2135662,0.209287762,Energetic
-10.9533863,0.858023271,122.5623873,0.003719661,Energetic
-44.43459399,0.241496485,90.86586734,0.509723172,Calm
-37.21845551,0.040350827,83.03924818,0.379959952,Sad
-24.58230345,0.411191518,116.8865123,0.448485228,Groovy
-43.91618155,0.13008067,189.7219537,0.98064822,Calm
-22.55106553,0.022425889,159.4590541,0.350272371,Sad
-42.33205443,0.312777989,197.8406255,0.775409515,Calm
-14.18365235,0.23201818,99.95656958,0.760704806,Romantic
-51.59320945,0.014381446,142.0131752,0.149862799,Sad
-7.891921446,0.764353386,75.32753125,0.571828771,Energetic
-6.326866386,0.762302625,84.4698983,0.228061817,Energetic
-12.00868464,0.038938017,150.7242445,0.011526014,Sad
-27.50194712,0.624614048,154.278762,0.98585844,Calm
-9.904185792,0.990679157,106.3280672,0.587703228,Motivational
-0.935869158,0.756730167,94.76024715,0.064043524,Energetic
-28.45858906,0.442293805,198.3219547,0.86243413,Calm
-49.69924285,0.707397,114.5145692,0.961499679,Happy
-43.66156041,0.389230472,162.5657779,0.246747421,Sad
-5.142071606,0.596851877,89.69137325,0.022134451,Dark
-52.93493503,0.928182098,93.45967523,0.640710225,Happy
-43.55668676,0.341905278,117.557819,0.270058466,Sad
-10.21549178,0.995631109,183.115028,0.416217031,Energetic
-59.34025028,0.64950893,107.8198542,0.689109081,Romantic
-51.7868622,0.80441406,107.3909631,0.565072283,Motivational
-5.998881489,0.715100161,60.99285379,0.858672055,Happy
-7.566595346,0.593158219,155.2350964,0.117475899,Dark
-23.96898837,0.454764343,80.52516205,0.673516787,Romantic
-49.47772328,0.677531614,170.611655,0.69482073,Calm
-34.87376851,0.941691987,66.28047807,0.944984786,Happy
-37.01168831,0.167357032,147.1565787,0.141611351,Sad
-28.86493768,0.500359446,103.2484812,0.642833391,Romantic
-57.18204199,0.690883977,111.6215218,0.381980045,Groovy
-50.02299787,0.697135806,167.7623986,0.956814671,Calm
-55.03207992,0.275288213,116.0499278,0.962185909,Romantic
-45.27905342,0.635940327,116.9047805,0.270383235,Groovy
-36.64226316,0.599302116,168.0570449,0.803541777,Calm
-42.67837579,0.17935601,127.742817,0.995604202,Calm
-42.17269706,0.667760592,72.2383531,0.520180737,Calm
-31.43697587,0.169728429,175.5748778,0.01526484,Sad
-20.17973008,0.019144868,170.7835,0.220129244,Sad
-3.790215641,0.779102586,88.12758756,0.281936884,Energetic
-58.1290119,0.838154975,100.4810468,0.873254357,Happy
-44.26415734,0.802810935,193.316411,0.704911133,Happy
-56.91445119,0.535935079,80.98729545,0.650092451,Romantic
-30.21802517,0.488495633,135.2613593,0.653656476,Calm
-39.94536655,0.153691043,150.3210117,0.003020871,Sad
-13.74526778,0.572607233,62.3756781,0.24793245,Dark
-53.60410481,0.277012524,194.4513484,0.927791479,Calm
-55.4917331,0.921307512,66.24233298,0.932133915,Happy
-16.30867463,0.583190804,80.02867338,0.720586419,Romantic
-30.27052103,0.592840181,61.96203245,0.765763321,Calm
-18.69585621,0.354924661,139.3601807,0.091482958,Sad
-33.91035968,0.051989352,190.5173637,0.513875835,Calm
-45.21587801,0.031743765,153.2326033,0.231582991,Sad
-10.85386094,0.423335144,175.1720456,0.181218044,Dark
-18.31821175,0.606846956,135.8821418,0.135038137,Groovy
-24.58615999,0.882914817,129.8555122,0.93857824,Happy
-54.5050756,0.211231831,155.8209505,0.977993424,Calm
-4.961185472,0.862996831,130.4508581,0.994287986,Happy
-51.79088214,0.886093435,167.120839,0.555617155,Motivational
-2.985758771,0.196653585,127.9406888,0.17014274,Sad
-7.623249847,0.9972379,182.1352389,0.28063558,Energetic
-11.60633113,0.897365866,82.0085437,0.153364827,Energetic
-18.46340613,0.973382619,132.5711649,0.000410289,Energetic
-45.01991947,0.847387931,147.7566066,0.915943004,Happy
-30.63450218,0.062394069,95.44784698,0.287934094,Sad
-46.72743349,0.33527905,172.5170833,0.185525975,Sad
-3.356439619,0.975343133,197.0526298,0.712601407,Happy
-57.63439132,0.816973907,130.2617343,0.688030519,Happy
-17.66548965,0.852547421,123.6939632,0.31931688,Energetic
-4.485100955,0.937965231,165.4865848,0.252202402,Energetic
-49.16547929,0.085103486,78.54589189,0.9559188,Calm
-25.92328617,0.385597593,136.5681719,0.923299508,Calm
-57.96324128,0.210793102,72.52623719,0.846193866,Calm
-4.536228277,0.268562167,179.8615071,0.156762948,Sad
-31.547147,0.147275564,96.77736678,0.022504327,Sad
-8.277440941,0.973076798,182.4672488,0.444113005,Energetic
-9.327036088,0.759292507,78.04636191,0.781356218,Happy
-40.85397161,0.967761465,160.7995524,0.680046056,Happy
-57.77954192,0.278368482,147.2392995,0.909555428,Calm
-46.19946976,0.326253918,170.4479548,0.557047586,Calm
-52.76598685,0.299383374,92.71666284,0.787348848,Romantic
-55.3828079,0.232505992,149.4882561,0.541335383,Calm
-18.22267345,0.129678978,92.99555484,0.323895553,Sad
-39.60750217,0.256463061,159.9124396,0.136250565,Sad
-41.08257973,0.062564842,181.3233964,0.878115197,Calm
-27.63052246,0.21050694,143.1005356,0.585852122,Calm
-12.55661011,0.80902364,77.79546872,0.674192117,Happy
-40.87484982,0.146921924,119.8558598,0.804261154,Romantic
-22.44651741,0.342645147,82.52044109,0.659155545,Romantic
-6.841335106,0.864658922,158.0487044,0.398054841,Energetic
-46.02243151,0.082736836,74.81151284,0.803045525,Calm
-58.53595311,0.484537995,130.8595794,0.373650296,Groovy
-7.794067566,0.302419511,174.0475078,0.388121457,Sad
-7.517899639,0.80380489,131.8925013,0.914584435,Happy
-28.26377196,0.137148488,193.0390913,0.091036315,Sad
-3.655938089,0.580699085,134.9964559,0.648209177,Groovy
-12.07300585,0.50550876,115.1866692,0.413194479,Groovy
-38.95729107,0.623998486,129.0175795,0.679551837,Calm
-13.96870266,0.273640418,126.0663515,0.067093733,Sad
-35.88414518,0.487834319,128.6437485,0.593705783,Calm
-31.20746278,0.082272324,178.5499003,0.772031786,Calm
-7.579373149,0.306463468,116.4927989,0.170530389,Sad
-0.954991848,0.822381211,106.6619804,0.89741905,Happy
-34.93399307,0.418607275,140.1881514,0.881854801,Calm
-15.7450619,0.725006076,171.1537119,0.542033345,Energetic
-45.67337125,0.574287575,128.1075872,0.919038277,Calm
-53.37155321,0.667212337,106.7663768,0.899909543,Romantic
-42.22151277,0.313875497,192.899364,0.393170435,Sad
-45.98353494,0.538022705,102.7139562,0.387764329,Groovy
-0.736656616,0.889519311,102.9922841,0.861062936,Happy
-34.33361198,0.371467263,64.92229504,0.069861921,Sad
-36.94040117,0.195166517,105.2403304,0.677611182,Romantic
-19.22116304,0.489392537,136.1752074,0.172820051,Groovy
-3.002328963,0.492569071,109.918249,0.061543034,Dark
-12.81929914,0.483180863,122.6223859,0.269973637,Dark
-54.63533986,0.838230421,195.1725086,0.768421071,Happy
-34.94515345,0.361403779,112.8287868,0.885015325,Romantic
-7.252901546,0.859794675,96.15175386,0.221527152,Energetic
-49.97796323,0.762446959,88.83834579,0.762799053,Happy
-46.09969792,0.196419216,62.96097527,0.6707472,Calm
-3.436093552,0.951444826,118.6506169,0.847355054,Happy
-21.02120106,0.175491627,168.6211091,0.009538954,Sad
-23.53579231,0.567727318,107.4226138,0.402890031,Groovy
-29.23868934,0.579314467,138.9231942,0.907243167,Calm
-46.1598113,0.489624462,88.6970926,0.740313031,Romantic
-49.40831808,0.644745249,163.8793548,0.542841374,Calm
-46.77082746,0.229826726,67.31907446,0.529644527,Calm
-38.99248445,0.66166726,182.4157244,0.655383199,Calm
-6.972846902,0.185270355,104.6915417,0.861232227,Romantic
-4.334863008,0.278643063,186.827634,0.154684848,Sad
-36.22547887,0.825710952,129.0242175,0.687464804,Happy
-14.50569146,0.285707568,71.47138147,0.249867465,Sad
-18.23876292,0.927123782,87.43722586,0.640250915,Happy
-50.76624562,0.969926525,192.1272935,0.877489242,Happy
-46.53356569,0.143001123,112.6763061,0.9110157,Romantic
-46.57094311,0.374548243,189.2600429,0.993163739,Calm
-24.42360391,0.367390729,97.76394522,0.233053188,Sad
-25.19482753,0.087017218,158.335821,0.950379751,Calm
-54.51078976,0.556784911,152.2462529,0.958327686,Calm
-7.352348242,0.845120851,198.4775447,0.097707275,Energetic
-52.22910472,0.17512314,154.0883304,0.161100023,Sad
-2.660910106,0.220504263,75.91044542,0.179999617,Sad
-11.42903552,0.874071773,199.9244953,0.848417726,Happy
-20.68548116,0.249668953,172.3183176,0.020401611,Sad
-26.94855776,0.263247347,170.1412221,0.604488982,Calm
-54.78079441,0.000653391,131.3616505,0.277025449,Sad
-35.49280722,0.870669034,102.0093916,0.862334916,Happy
-44.41477297,0.627328935,99.85446344,0.68675572,Romantic
-16.59479318,0.750265764,112.6359711,0.674219632,Happy
-30.2474559,0.152048567,165.8834136,0.221493549,Sad
-55.13722705,0.458323595,135.5526504,0.0347992,Groovy
-19.00447418,0.093776526,62.52406125,0.289193152,Sad
-55.43214843,0.486130485,74.32650513,0.80897775,Calm
-8.927585157,0.92073965,117.4698199,0.800364188,Happy
-31.16480536,0.291460913,149.2363474,0.606512225,Calm
-43.97830379,0.760575642,169.6424041,0.536192279,Calm
-12.1544387,0.487265354,131.7164789,0.440120771,Groovy
-20.49288992,0.429985214,128.2324731,0.091137339,Groovy
-7.962347942,0.999557703,192.4661652,0.213736688,Energetic
-17.4982214,0.769448894,141.1680018,0.19695363,Energetic
-18.1517123,0.827553052,67.04521061,0.227778342,Energetic
-22.88331731,0.030463686,86.22855079,0.371463339,Sad
-50.48369368,0.340411556,164.0694054,0.537169322,Calm
-7.147754448,0.510580757,161.2662426,0.203535522,Dark
-7.689388335,0.615129141,79.04787282,0.155751623,Dark
-58.24516302,0.910605717,177.0510461,0.880421903,Happy
-52.26780795,0.501275645,102.1645822,0.41209361,Groovy
-39.89286874,0.05024301,94.85676588,0.03561215,Sad
-50.35440624,0.551159962,95.65292722,0.554169722,Calm
-10.92197855,0.438178613,128.4531297,0.558840871,Groovy
-10.07194932,0.839180395,117.0371034,0.707031169,Happy
-29.55193597,0.160679585,198.1197287,0.177481835,Sad
-59.6168477,0.024971662,67.82968902,0.252223134,Sad
-42.77771201,0.449038768,79.90539269,0.810730465,Calm
-1.128829318,0.049614373,147.6177673,0.135932747,Sad
-44.41178514,0.111593,177.1015632,0.214176253,Sad
-21.95965781,0.6083195,131.6714083,0.060073168,Groovy
-27.60087722,0.28104975,133.7810674,0.325503338,Sad
-13.20927629,0.17349605,138.6232311,0.143687625,Sad
-53.58116167,0.379751523,83.91391888,0.709933073,Romantic
-14.33832585,0.801445776,87.67664244,0.533725414,Motivational
-27.52400528,0.392093577,104.6344252,0.143834471,Sad
-2.220479768,0.750769649,143.0894982,0.009241588,Energetic
-39.48767004,0.125486297,89.41648863,0.808157049,Romantic
-18.72685666,0.929144717,170.3249209,0.315653627,Energetic
-55.92977645,0.387322518,101.6099759,0.086939561,Sad
-41.94218598,0.066165189,78.98772624,0.222950009,Sad
-17.50967468,0.019155486,80.38801054,0.188058566,Sad
-25.06977239,0.524735638,149.9929228,0.658283783,Calm
-22.74506893,0.2344256,191.2473641,0.012069935,Sad
-57.25547797,0.345083746,156.8698309,0.518937364,Calm
-7.707791631,0.030103872,81.81921512,0.605759489,Romantic
-1.590661849,0.961492325,94.08196635,0.962870494,Happy
-15.0208901,0.933205088,89.30285062,0.471172559,Energetic
-52.19482559,0.265496407,70.15312437,0.573401626,Calm
-58.52478501,0.678499968,116.3536898,0.828378146,Romantic
-58.67258691,0.3175497,188.8056074,0.322978733,Sad
-13.77555493,0.884855118,192.6999194,0.50442104,Motivational
-19.0022774,0.739066976,96.19801691,0.744049451,Happy
-33.24583762,0.27746468,107.2097487,0.503219207,Calm
-43.58240002,0.281616042,116.3164579,0.067796396,Sad
-0.172529991,0.96336032,67.1714015,0.7235807,Happy
-34.42912187,0.010284496,129.5121591,0.805970129,Calm
-50.18257073,0.706246163,116.1358457,0.664125739,Happy
-12.31142708,0.622689541,109.0993703,0.426591901,Groovy
-18.37906645,0.990108846,168.1976117,0.889119356,Happy
-46.75382323,0.311879436,172.4438716,0.845225558,Calm
-55.05713726,0.339971864,81.47780353,0.525431998,Calm
-19.17004188,0.078939403,111.3171662,0.691505546,Romantic
-20.72932714,0.442798137,112.2694425,0.883349701,Romantic
-2.948186265,0.343386702,171.7834907,0.31325074,Sad
-50.93652649,0.83457179,159.011966,0.753666138,Happy
-3.38304479,0.185733072,111.3410672,0.388531148,Sad
-34.81636098,0.372508932,74.81270348,0.865727237,Calm
-21.68844314,0.928630562,147.9489236,0.72442234,Happy
-43.54708786,0.092360528,198.0307836,0.214744502,Sad
-0.961341122,0.162790989,169.2954905,0.355968391,Sad
-35.43995962,0.595212834,114.6333969,0.284104149,Groovy
-6.354047779,0.150472271,140.9989505,0.176089288,Sad
-46.20272365,0.968076381,187.5878543,0.743332914,Happy
-47.21371776,0.446714527,137.5738993,0.252069887,Groovy
-20.89999048,0.246658616,113.0184698,0.385859447,Sad
-37.88841938,0.470960252,178.0402811,0.982077379,Calm
-1.908394325,0.753868083,181.355008,0.089825753,Energetic
-48.86846906,0.577891113,185.156228,0.590753721,Calm
-7.882609923,0.904359775,188.77096,0.599363552,Motivational
-13.40418883,0.817407847,73.27888706,0.41875899,Energetic
-13.74468932,0.757048115,136.1776403,0.431843692,Energetic
-9.313006313,0.055605522,163.671333,0.053932583,Sad
-4.749129131,0.402406259,160.8155867,0.123572491,Dark
-12.20776254,0.895562848,124.9333755,0.609708196,Happy
-52.96150866,0.313878077,107.2467864,0.251430152,Sad
-18.86608277,0.271633181,116.0461816,0.957835304,Romantic
-34.18164631,0.190609833,136.982769,0.854617463,Calm
-47.9685164,0.184632457,146.741563,0.230494837,Sad
-30.5043272,0.342107621,152.8886483,0.327566294,Sad
-43.86039573,0.119891093,76.86745514,0.019610532,Sad
-12.14645396,0.734925847,179.2152041,0.671368009,Happy
-41.37828246,0.531454914,81.92579408,0.52315815,Calm
-32.68679106,0.287945343,196.4664114,0.898638928,Calm
-55.65318673,0.29994207,130.1227248,0.804109246,Calm
-36.45038662,0.596081955,197.3989995,0.791961014,Calm
-23.99876711,0.164405529,102.4292066,0.398559224,Sad
-42.50024528,0.116583075,149.3514181,0.170152641,Sad
-18.30108683,0.546695682,109.0009616,0.2547205,Groovy
-8.392656169,0.902413033,189.9721573,0.263246175,Energetic
-31.16958316,0.658661355,142.7212774,0.947732804,Calm
-45.47729905,0.820981017,95.79327127,0.973692135,Happy
-0.800244404,0.566605259,111.0392999,0.23063864,Dark
-51.45026743,0.657030498,178.1152742,0.772873936,Calm
-22.91065594,0.399518785,175.7614986,0.143081395,Sad
-26.42107899,0.010811084,166.7062516,0.308860899,Sad
-59.41374915,0.826551074,159.9050313,0.658855404,Happy
-40.41232151,0.8009807,89.05160935,0.566443685,Motivational
-38.96238413,0.463981698,120.4962732,0.732237914,Calm
-58.00781347,0.118709096,195.3227078,0.087772914,Sad
-55.28529017,0.980568227,123.310114,0.668180662,Happy
-36.18460343,0.214695887,79.98998913,0.895812101,Calm
-52.03705476,0.06723418,114.5208552,0.057788197,Sad
-18.63210185,0.738866677,104.7609189,0.716631937,Happy
-49.95104506,0.532291876,109.0261134,0.136966635,Groovy
-53.72592958,0.103265009,71.65607213,0.506770041,Calm
-21.81418503,0.172523877,161.4381073,0.126545311,Sad
-17.61145641,0.567974297,103.6117219,0.476620456,Groovy
-58.10483131,0.296357614,169.609306,0.763615299,Calm
-3.827265225,0.938315729,121.9716788,0.258264358,Energetic
-27.52221988,0.983567207,168.9073169,0.992015969,Happy
-17.45636883,0.259670839,113.5308663,0.686650423,Romantic
-7.741852575,0.969723633,122.0378283,0.841356771,Happy
-17.15478407,0.43123387,112.6666656,0.414847607,Groovy
-11.89631502,0.347518795,111.4276721,0.767860923,Romantic
-39.63298845,0.050349527,133.6325208,0.040509173,Sad
-11.11049318,0.052765258,173.2319222,0.122911183,Sad
-55.19310922,0.692011256,110.6475637,0.203070593,Groovy
-6.311000636,0.457928994,133.3956609,0.401951925,Groovy
-27.14445743,0.226521626,153.9018256,0.845744878,Calm
-32.86090293,0.252858118,98.85319269,0.654621194,Romantic
-28.41584034,0.359208747,161.2948403,0.586182354,Calm
-16.10462869,0.823552227,140.8061347,0.357241968,Energetic
-55.10220108,0.820696161,150.6808076,0.577053342,Motivational
-45.17380596,0.350819109,146.5344152,0.083873739,Sad
-50.42731919,0.362559797,131.3312423,0.992803978,Calm
-7.692986004,0.805714526,136.4049552,0.127182454,Energetic
-46.84716076,0.328179483,110.3193358,0.072348384,Sad
-39.78625249,0.084688342,87.06749271,0.301834661,Sad
-49.07292506,0.466693121,193.1042598,0.650296974,Calm
-12.61808957,0.482132099,117.2179387,0.32900573,Groovy
-30.10825701,0.221238696,67.37937058,0.262112972,Sad
-26.67818694,0.380991274,65.25927214,0.343044006,Sad
-16.8478933,0.808405739,160.4054026,0.410700401,Energetic
-46.29271552,0.823623611,135.333253,0.720416069,Happy
-1.512410271,0.459124023,94.03743426,0.943565217,Romantic
-20.98045882,0.303285891,164.2651024,0.041880394,Sad
-48.02745294,0.932554878,83.55312108,0.503068323,Motivational
-55.66809546,0.933749423,124.499704,0.920196986,Happy
-58.16084987,0.683866452,100.0791807,0.049158524,Groovy
-44.53902669,0.531572153,94.64481737,0.573499585,Calm
-32.2426226,0.032659061,150.3332702,0.853629929,Calm
-7.903649675,0.475596192,151.1360443,0.241927728,Dark
-15.43760873,0.161218812,118.4791994,0.019043409,Sad
-34.47039993,0.656409604,70.23191274,0.732454629,Calm
-39.24390045,0.971150907,98.31329389,0.933113221,Happy
-37.73767422,0.562188811,197.2007648,0.657197662,Calm
-0.741026176,0.714753276,143.4762005,0.439029244,Energetic
-57.59344852,0.068450453,159.3631919,0.044881016,Sad
-16.48454038,0.938482158,139.6922297,0.689821071,Happy
-7.594605715,0.076803048,195.5786783,0.124345317,Sad
-5.957888159,0.354666205,135.6773746,0.214271809,Sad
-34.69674439,0.550663379,124.1486727,0.06449068,Groovy
-43.39033217,0.403207756,192.3023932,0.57429354,Calm
-24.45898028,0.83364401,154.3053765,0.622029479,Happy
-5.258199263,0.814671005,69.08589914,0.505742298,Motivational
-47.36026866,0.61183102,125.2015809,0.817102133,Calm
-22.62200499,0.373457945,93.63430259,0.861008821,Romantic
-16.01321866,0.105874318,123.7651801,0.01275648,Sad
-52.10593889,0.354897683,141.5002724,0.695229656,Calm
-17.05050212,0.413172517,109.9478686,0.417999217,Groovy
-49.21901347,0.658159824,130.5207208,0.649080602,Calm
-45.7474005,0.07010814,176.2284038,0.350236614,Sad
-49.14138284,0.181778867,107.3715012,0.133974867,Sad
-45.16613554,0.041915217,89.30877591,0.924651105,Romantic
-7.755005924,0.419182876,65.51846192,0.112504133,Dark
-33.2816847,0.168203656,163.7832192,0.09488423,Sad
-24.42294891,0.231380636,184.5770952,0.214300072,Sad
-50.18856764,0.502427287,144.0748675,0.585121661,Calm
-1.83526066,0.958118009,63.89774718,0.034175589,Energetic
-44.51199404,0.220446004,94.53190256,0.319652062,Sad
-20.59580013,0.886181772,124.3460652,0.810432914,Happy
-40.48859615,0.934304114,147.990546,0.689701535,Happy
-13.59161246,0.916420545,138.0152567,0.724870854,Happy
-52.14758036,0.635414357,163.9690386,0.698116924,Calm
-32.77262752,0.403210633,139.0933651,0.099663922,Groovy
-55.59019516,0.531294018,117.9131733,0.8317853,Romantic
-49.81452569,0.677438071,165.0225166,0.980470798,Calm
-10.26699805,0.824471518,98.90475764,0.140044812,Energetic
-34.14674858,0.146436257,129.7465019,0.322080575,Sad
-45.07714364,0.832929716,106.1342579,0.578585349,Motivational
-22.9713008,0.540296532,121.684436,0.075093646,Groovy
-17.59336699,0.844665909,179.9730182,0.943357299,Happy
-49.94284702,0.379040485,183.5417668,0.912584218,Calm
-57.79971438,0.915060733,88.49155517,0.780521803,Happy
-20.17172834,0.844212325,68.36671838,0.60671958,Happy
-31.52214746,0.484020573,184.4038993,0.626783817,Calm
-9.349773062,0.514095443,106.0703291,0.638003235,Romantic
-11.65979082,0.308468281,104.0422687,0.628721387,Romantic
-24.87873814,0.573042201,131.6924007,0.553728231,Groovy
-47.6495274,0.039269414,66.68939106,0.732290567,Calm
-53.28482284,0.271998605,109.3123365,0.776946388,Romantic
-43.81502331,0.006379043,179.9200784,0.872462815,Calm
-57.63938756,0.728370854,113.9773502,0.514080696,Calm
-52.67340516,0.345806098,188.1582682,0.82918178,Calm
-3.967498948,0.805430043,130.7161778,0.570853026,Motivational
-41.0306337,0.946756245,198.3718793,0.527070939,Motivational
-29.56591148,0.400212276,125.1388544,0.038202784,Groovy
-57.50562846,0.783297983,68.15329631,0.615214897,Happy
-51.09940794,0.265928451,96.71840505,0.828043286,Romantic
-0.802192622,0.990332304,121.0498672,0.157500548,Energetic
-59.70360114,0.603528807,192.6591177,0.593610544,Calm
-2.891292875,0.659505982,167.3588457,0.164184964,Dark
-29.06423829,0.181183279,191.77905,0.227421729,Sad
-51.62092471,0.307216417,168.4513668,0.609445297,Calm
-58.20158461,0.546458542,138.7002655,0.643552123,Calm
-41.5242035,0.417193419,137.3785446,0.088006028,Groovy
-47.88879287,0.170936402,77.65927212,0.389266397,Sad
-19.594054,0.418144788,134.1347061,0.313369406,Groovy
-1.805277234,0.757282978,97.6406163,0.462361447,Energetic
-33.37498684,0.393103908,64.54812354,0.929260975,Calm
-7.911464737,0.100245564,143.3387578,0.303453216,Sad
-49.37101263,0.016592481,135.4871312,0.863935807,Calm
-9.713082621,0.602449442,127.7898395,0.930807672,Groovy
-3.323146832,0.163019114,68.90420109,0.245750312,Sad
-30.16951416,0.023707754,177.7534639,0.274544585,Sad
-22.92916559,0.834947206,199.5588998,0.82409449,Happy
-7.865700931,0.974690596,120.2480443,0.005324191,Energetic
-25.7634152,0.135459537,104.8418239,0.564819163,Calm
-58.17677642,0.231475214,186.9314616,0.339203431,Sad
-4.14307827,0.868409524,86.77389807,0.322683707,Energetic
-18.62839494,0.926463798,146.1600481,0.644906324,Happy
-19.40919685,0.419627383,116.8000194,0.851484449,Romantic
-47.05949086,0.050622472,65.75153109,0.609195391,Calm
-20.46687179,0.039391834,108.6203864,0.853172979,Romantic
-57.10727767,0.787371958,67.75037437,0.661524324,Happy
-35.58552236,0.040258003,69.87700892,0.736279899,Calm
-13.05687096,0.397684414,167.2891793,0.066750255,Sad
-7.289066322,0.275239181,150.6527714,0.274979192,Sad
-19.94439687,0.904243291,189.4522053,0.554322598,Motivational
-11.52924348,0.374721971,132.3984649,0.328745988,Sad
-10.92994703,0.83236354,142.9490871,0.754872529,Happy
-52.78745668,0.805648805,127.5490285,0.648695043,Happy
-27.33065412,0.224318559,147.1605557,0.637445379,Calm
-59.65448037,0.226079071,61.40657735,0.553427701,Calm
-38.01230791,0.93039842,128.7862605,0.696507183,Happy
-36.2296385,0.095360921,193.0704986,0.376041791,Sad
-18.2719676,0.450058639,113.7052656,0.94260971,Romantic
-36.68651392,0.337454279,119.4120836,0.817984771,Romantic
-33.07838264,0.870688455,160.0574525,0.58769447,Motivational
-45.74735215,0.083524915,144.530986,0.252181982,Sad
-37.6048925,0.211125943,101.849661,0.203717393,Sad
-22.83057924,0.334401179,112.0571498,0.165370426,Sad
-32.19035737,0.394572315,63.61745611,0.977712813,Calm
-28.85509289,0.571995878,88.16453252,0.913578011,Romantic
-31.24908734,0.805432329,71.20887635,0.525360482,Motivational
-58.46147605,0.76016093,126.4234452,0.724910272,Happy
-37.18826287,0.14924947,71.86726162,0.630034578,Calm
-36.07063315,0.268174368,173.0676217,0.340575937,Sad
-25.18965785,0.361074726,168.0062683,0.30115902,Sad
-27.9838472,0.408455581,188.1194349,0.578229786,Calm
-11.22085568,0.034672704,67.32660002,0.286660581,Sad
-16.91261543,0.391910563,169.5988065,0.366957832,Sad
-2.668578243,0.697163692,178.3715135,0.083897961,Dark
-58.90604504,0.193435343,171.8715004,0.052276372,Sad
-48.25332086,0.641504481,131.1870649,0.25345713,Groovy
-59.5462275,0.259828138,92.60625741,0.074246859,Sad
-6.118167063,0.895689944,161.8027934,0.812928405,Happy
-45.39106221,0.297287204,197.3065644,0.038873697,Sad
-4.377927312,0.229993754,81.79696369,0.658942794,Romantic
-3.933838392,0.240531585,89.65174098,0.871545681,Romantic
-30.84769445,0.673092131,69.33237618,0.517638936,Calm
-42.90762588,0.396992162,63.4744096,0.564301065,Calm
-41.5626021,0.156316971,176.9341684,0.114532868,Sad
-11.81844613,0.737950947,111.1513578,0.996990503,Happy
-41.32153805,0.671270825,137.6468688,0.34823064,Groovy
-17.03095955,0.081229635,189.6670181,0.363899406,Sad
-43.64255996,0.992581795,61.27374538,0.833274305,Happy
-52.6868344,0.988420994,95.05022214,0.719558413,Happy
-19.13292876,0.793818104,184.3581075,0.846119186,Happy
-49.11369914,0.659422962,124.3918732,0.735717987,Calm
-17.4572243,0.866101545,86.38997939,0.14528601,Energetic
-53.58738461,0.289439522,172.6953567,0.316292349,Sad
-25.96126682,0.467681212,195.4259356,0.976070586,Calm
-2.224387486,0.411190476,129.2756332,0.456127209,Groovy
-11.64044701,0.330284668,138.2791319,0.39722753,Sad
-26.98640747,0.564231817,130.3896819,0.571320015,Calm
-57.39524803,0.850574528,80.22110778,0.953124613,Happy
-2.915799468,0.934433039,106.7746513,0.819107326,Happy
-23.90329079,0.689087654,133.0563225,0.547127643,Groovy
-10.84866843,0.823273213,141.991607,0.040785013,Energetic
-46.31521368,0.779516701,166.5408376,0.575549508,Calm
-47.27730961,0.016200397,159.8220009,0.950593966,Calm
-23.34114067,0.818380425,111.2800941,0.85913036,Happy
-35.33829181,0.040138859,67.41103098,0.228355614,Sad
-9.608321828,0.889913376,165.6905556,0.22010983,Energetic
-5.998612596,0.991962747,193.7245225,0.201172967,Energetic
-38.79471724,0.294067462,93.62122344,0.922498896,Romantic
-45.78776646,0.210318556,105.2934459,0.852666153,Romantic
-13.16846909,0.765363364,85.73380453,0.774883432,Happy
-43.51163787,0.253026341,140.7710573,0.392735114,Sad
-10.64314089,0.865562383,81.67779525,0.504380704,Motivational
-19.94700604,0.125955196,157.581822,0.253398108,Sad
-54.26788117,0.979151555,138.4162376,0.505028046,Motivational
-22.56844052,0.673838898,114.104759,0.030496548,Groovy
-49.91914754,0.67648375,60.8210619,0.751679767,Calm
-54.25712667,0.575359173,158.9525035,0.740779867,Calm
-58.58168484,0.429062369,188.805343,0.784187179,Calm
-21.48170997,0.275922694,97.8957046,0.76328519,Romantic
-23.57435783,0.768581331,111.8688012,0.722611725,Happy
-27.19815524,0.22627243,139.6489968,0.204504339,Sad
-30.19398847,0.747078267,72.12676652,0.7549402,Happy
-0.732868787,0.218713889,153.6815818,0.329353524,Sad
-51.81361485,0.059943301,117.4425211,0.138232087,Sad
-18.29132676,0.130973743,125.8981399,0.399040452,Sad
-35.74087391,0.605996967,66.88077465,0.979914433,Calm
-18.45383092,0.734151259,123.5542366,0.43297305,Energetic
-0.524640378,0.341318646,102.2327138,0.071024568,Sad
-52.29634263,0.47852837,113.7626704,0.487876606,Groovy
-53.75342104,0.92885955,179.6159319,0.702164329,Happy
-25.29678498,0.465336934,98.12415561,0.872106064,Romantic
-43.55036001,0.013682415,76.45025763,0.288937017,Sad
-55.23483786,0.08159872,95.27975103,0.086249171,Sad
-54.86050502,0.258591591,188.9059031,0.936565612,Calm
-6.34854752,0.027852241,141.4224373,0.37819635,Sad
-48.48796052,0.631375326,134.6872292,0.576405551,Calm
-40.59770627,0.426398357,143.495104,0.792003126,Calm
-46.40061587,0.548145203,111.2439572,0.324313664,Groovy
-38.70022165,0.174647186,172.9949828,0.716164538,Calm
-55.83456944,0.295932029,133.2600749,0.13541885,Sad
-27.59928512,0.576881201,103.169297,0.717403555,Romantic
-28.02253281,0.069394086,94.69374201,0.540029192,Calm
-0.351638327,0.917268067,87.95376333,0.602807532,Happy
-20.28964861,0.406590537,111.9779289,0.985991572,Romantic
-26.53299496,0.143281459,130.2378832,0.937764559,Calm
-16.16096939,0.714718834,161.5655436,0.862152958,Happy
-32.08766326,0.293353421,75.85237126,0.889130536,Calm
-56.39145944,0.525470307,116.8912967,0.467849183,Groovy
-26.26219105,0.697832786,127.9102073,0.657444327,Calm
-2.54248293,0.900264111,135.715789,0.895066723,Happy
-18.59970655,0.676361068,84.03494731,0.961762478,Romantic
-27.85033893,0.945924644,157.0029799,0.601082665,Happy
-54.19941302,0.295824097,137.821914,0.709804713,Calm
-32.97774382,0.001112094,157.9339019,0.950592013,Calm
-14.63020027,0.271954559,117.6824835,0.244616274,Sad
-39.14570855,0.21789138,79.37566204,0.746130978,Calm
-12.27300235,0.6337116,133.4541229,0.268557141,Dark
-45.92147509,0.016243443,107.3198293,0.55222228,Calm
-36.04104505,0.728778054,186.9613208,0.660973821,Happy
-50.8550392,0.323530412,142.2317816,0.322901069,Sad
-4.379941925,0.556578429,122.9725587,0.617354251,Groovy
-9.478002337,0.134576267,171.1788386,0.19837254,Sad
-28.74252136,0.094418898,129.2435874,0.961640492,Calm
-22.58485872,0.831518333,185.2646599,0.51146754,Motivational
-54.65253407,0.918397542,97.47358121,0.73392037,Happy
-14.68377477,0.649788047,117.4838176,0.411047194,Groovy
-52.33719098,0.103434115,185.8035675,0.355131764,Sad
-13.07831474,0.7289392,155.9997876,0.409196644,Energetic
-17.47531814,0.779820884,180.2572766,0.544180116,Energetic
-57.83037717,0.118218622,72.42825737,0.54346987,Calm
-54.74143519,0.254481332,93.51177709,0.1691039,Sad
-3.782530618,0.01289747,118.5155911,0.126135786,Sad
-26.77186556,0.540299407,95.16688064,0.932645717,Romantic
-41.66854136,0.851150735,104.879462,0.604950013,Happy
-36.18110898,0.957631646,78.89698805,0.659490058,Happy
-33.16784757,0.565744951,101.4647472,0.40179367,Groovy
-29.05923434,0.085056385,121.8595191,0.63793049,Calm
-4.836481607,0.548872802,108.5406266,0.76916987,Romantic
-30.18219103,0.379979079,164.503298,0.368562469,Sad
-47.48936914,0.240299123,106.4800983,0.853948463,Romantic
-4.164287121,0.094965275,164.2219035,0.172194267,Sad
-53.01801613,0.314918445,81.27722555,0.270963208,Sad
-10.95301749,0.096644834,78.24451833,0.2856266,Sad
-37.16260239,0.176896951,108.3877852,0.270909223,Sad
-7.321540773,0.987336159,173.0783317,0.855408162,Happy
-7.916598594,0.444103557,94.48875461,0.031884795,Dark
-11.64447599,0.531871767,68.85547725,0.076099989,Dark
-12.59817382,0.873618529,78.43933493,0.273914871,Energetic
-35.82118927,0.812473821,95.44816287,0.797943189,Happy
-49.5885291,0.326941024,137.7414155,0.563126594,Calm
-18.30293467,0.305743957,133.8611471,0.005770661,Sad
-10.65116618,0.315239435,103.3115987,0.676141789,Romantic
-52.04851964,0.133209924,157.1784316,0.702097188,Calm
-4.634568569,0.128325862,112.1719982,0.728470946,Romantic
-30.77628487,0.578492508,109.2393745,5.28E-05,Groovy
-23.62482373,0.693422128,136.08782,0.953920804,Groovy
-14.11141195,0.700611496,70.18307665,0.814208767,Happy
-49.50968236,0.753472111,170.6183923,0.903981697,Happy
-36.08021833,0.499958992,154.7852941,0.933858796,Calm
-51.21756047,0.73024919,172.4496973,0.809788529,Happy
-37.94793466,0.619172735,138.6627739,0.837219143,Calm
-55.90966144,0.18663994,163.7236489,0.093287385,Sad
-58.45128558,0.025689645,152.6604437,0.738778029,Calm
-51.89002265,0.284541386,109.7741716,0.95991669,Romantic
-27.02822785,0.617105944,101.2581918,0.570561405,Calm
-2.050670331,0.849959331,139.9698085,0.945629678,Happy
-41.29103201,0.12554979,113.0538274,0.599293566,Calm
-33.62929868,0.108044559,124.3084414,0.932846221,Calm
-47.03770905,0.541374421,136.3116778,0.686952441,Calm
-50.87850881,0.105483427,73.7965592,0.908917744,Calm
-56.31902237,0.585587684,92.4910009,0.941991447,Romantic
-13.15430484,0.544344888,159.2460009,0.064319223,Dark
-0.30802097,0.820067502,118.1150048,0.329416657,Energetic
-56.53316634,0.04157896,72.50758632,0.536868218,Calm
-18.29788627,0.498129944,121.2894068,0.910794931,Groovy
-0.979264484,0.689310412,92.30284263,0.846554322,Romantic
-45.64919375,0.252311927,100.7675037,0.127499727,Sad
-51.46503788,0.307770905,168.117458,0.093030375,Sad
-52.71690363,0.613637903,70.57379204,0.589267339,Calm
-41.80349115,0.897935293,175.8613704,0.532117972,Motivational
-56.26249211,0.730221718,72.55131237,0.927366409,Happy
-28.37751217,0.358621582,190.6837147,0.927934201,Calm
-52.1573774,0.020934118,82.53782044,0.73448704,Romantic
-6.803747086,0.315773151,138.8430144,0.367173814,Sad
-33.01292107,0.056881398,192.1283768,0.018880879,Sad
-35.15221485,0.331352219,191.3826697,0.689964357,Calm
-13.84170638,0.756253791,139.8262102,0.698635589,Happy
-59.33812413,0.454183663,180.6581353,0.703935907,Calm
-35.03076011,0.412279728,126.7953745,0.492521854,Groovy
-31.1193509,0.934729915,199.2389959,0.91488615,Happy
-14.38261061,0.584543113,198.9964984,0.199380819,Dark
-27.88139211,0.377839214,100.2363547,0.042334493,Sad
-47.08788768,0.062036764,138.1030857,0.633535294,Calm
-59.27275352,0.339305267,102.6030629,0.248535744,Sad
-11.90777329,0.658102218,122.9416694,0.327221183,Groovy
-2.425401341,0.997749389,177.1608791,0.242195892,Energetic
-53.41582808,0.354728557,199.8890219,0.774858402,Calm
-27.12243066,0.400704167,100.1585304,0.129706258,Groovy
-9.338575036,0.883273601,82.36492443,0.506930116,Motivational
-54.11504515,0.414825656,82.96890236,0.687389913,Romantic
-30.70553178,0.387274411,99.92612344,0.633283482,Romantic
-50.99708012,0.659690273,170.9976063,0.810720673,Calm
-31.43891224,0.06144629,92.52055157,0.280134119,Sad
-12.89900737,0.954565929,181.8034896,0.521884462,Motivational
-12.78579682,0.601806734,120.1763761,0.719470231,Groovy
-41.07558626,0.581736647,100.2160773,0.336165339,Groovy
-33.74381256,0.338084409,123.4782723,0.541188056,Calm
-44.71976268,0.126824023,198.4991923,0.02371636,Sad
-9.547705234,0.391742451,67.66429752,0.079789124,Sad
-5.894280472,0.734365676,127.4660234,0.942912711,Happy
-32.31135212,0.208830935,130.4386977,0.72151178,Calm
-21.76791139,0.058565305,104.2310151,0.08812657,Sad
-21.79981907,0.871913061,191.4207023,0.610946526,Happy
-50.98985995,0.540278893,175.6243517,0.512023389,Calm
-29.26668475,0.56585056,115.7870267,0.538326372,Calm
-19.18633325,0.908018545,104.3678219,0.565073791,Motivational
-57.49962596,0.396312625,125.434227,0.948704918,Calm
-54.91247904,0.296325802,99.98114627,0.902245623,Romantic
-55.67493984,0.151445522,103.7982479,0.801416811,Romantic
-55.72459633,0.432771484,73.72623534,0.943428107,Calm
-59.27349149,0.595679824,133.7544032,0.098494642,Groovy
-2.609916102,0.080615405,67.99387098,0.265123261,Sad
-15.74949843,0.939568589,75.47604328,0.495055946,Energetic
-38.80491549,0.755133617,90.71451449,0.846534493,Happy
-42.20786512,0.586623918,125.009035,0.505165712,Calm
-39.01780622,0.828438671,120.6551305,0.748034739,Happy
-13.52078813,0.080186757,171.9568607,0.138959905,Sad
-48.88826593,0.630093127,119.6845612,0.731776095,Romantic
-20.38183682,0.27706925,168.3593122,0.264866258,Sad
-14.13764027,0.94088017,67.29013687,0.349861694,Energetic
-44.0972143,0.124345841,61.79503093,0.708324049,Calm
-55.06969995,0.97094025,126.8004926,0.555263323,Motivational
-1.928397909,0.177153523,78.3233594,0.099931877,Sad
-42.27331335,0.722066064,92.97923084,0.805017693,Happy
-13.84661113,0.040285519,190.5505534,0.369888626,Sad
-37.08362162,0.516283299,159.369907,0.725389602,Calm
-47.65876427,0.580645226,127.5115322,0.209660922,Groovy
-52.71681491,0.935937248,132.8453077,0.884674985,Happy
-28.18187201,0.950532821,173.5546393,0.942300938,Happy
-57.48292659,0.022066149,87.61397326,0.755068204,Romantic
-1.890673344,0.982521272,89.8952469,0.208024563,Energetic
-12.0771485,0.086132139,154.6530248,0.337710775,Sad
-42.4306778,0.814386779,116.7001538,0.809674258,Happy
-25.05464051,0.43985564,131.6135897,0.441201102,Groovy
-11.29381271,0.380951845,186.5759125,0.386493723,Sad
-20.61128356,0.054565408,81.91408988,0.211262917,Sad
-52.31425522,0.59946114,111.329278,0.632677035,Romantic
-39.70394964,0.902403276,146.676996,0.976013926,Happy
-4.31498158,0.383215366,82.31528387,0.310600971,Sad
-37.66997857,0.442577346,188.064906,0.674001371,Calm
-34.07538702,0.048362711,83.37302506,0.541506282,Calm
-33.63570062,0.820487584,76.96176458,0.843427796,Happy
-23.22362505,0.826340811,71.95718759,0.761742706,Happy
-3.415449735,0.588000463,187.322113,0.058297204,Dark
-45.55843729,0.353102889,87.10733337,0.998421234,Romantic
-52.70991742,0.799783364,118.27989,0.752402454,Happy
-48.15177061,0.554687025,122.8391912,0.863903316,Calm
-6.784505987,0.825932309,143.8615462,0.651197712,Happy
-9.209139679,0.95794586,169.3806906,0.201655211,Energetic
-4.864407982,0.541113825,62.71617439,0.078242099,Dark
-44.86553879,0.605089519,105.7809476,0.78811894,Romantic
-0.919815629,0.226772625,134.5304329,0.284852677,Sad
-3.75671601,0.666521977,102.4709995,0.505164018,Groovy
-57.40957585,0.080105727,114.9974707,0.531330793,Calm
-50.11111106,0.441833705,85.15117051,0.805580826,Romantic
-52.09627359,0.163366758,140.9300943,0.791352724,Calm
-47.18931802,0.386707057,71.6080414,0.191773458,Sad
-29.64883842,0.051150206,146.8001867,0.050064527,Sad
-9.557818319,0.397793441,107.6312192,0.873633823,Romantic
-27.46576767,0.483294285,120.8549408,0.24668843,Groovy
-24.57913857,0.3827841,86.99754525,0.69531895,Romantic
-42.14709292,0.145326692,167.6269853,0.87631397,Calm
-18.66688188,0.062041417,167.4126752,0.011871347,Sad
-7.600625048,0.071155679,88.82422351,0.300655641,Sad
-21.82251876,0.57386585,105.0360916,0.578075049,Groovy
-14.33270778,0.566018425,125.1681761,0.375938375,Groovy
-50.3957019,0.878033513,192.047419,0.534872756,Motivational
-32.30655153,0.557873676,190.4423995,0.876598119,Calm
-59.44010281,0.95979102,88.96206256,0.912485054,Happy
-45.19926813,0.048694848,110.1506658,0.265974065,Sad
-54.04931402,0.18527685,124.4815571,0.949112457,Calm
-35.91034105,0.541270111,186.1064227,0.998617319,Calm
-11.99574188,0.645572181,190.2007529,0.235407249,Dark
-47.75786192,0.045585158,113.6994347,0.726979871,Romantic
-16.01572224,0.842165377,185.4730749,0.008108197,Energetic
-23.04087298,0.296612482,172.9390931,0.009252522,Sad
-12.97249293,0.126944414,119.0483939,0.022569697,Sad
-26.74640915,0.123283779,92.16027972,0.686927417,Romantic
-57.8813187,0.358139717,150.0717615,0.300919073,Sad
-15.25597304,0.989505333,96.75144067,0.167134315,Energetic
-2.515591193,0.948980667,92.33710347,0.232273365,Energetic
-37.92355492,0.142556555,172.2679534,0.534800977,Calm
-40.38410302,0.382139475,179.2084854,0.19882853,Sad
-51.06671698,0.554731803,127.6292743,0.508405977,Calm
-41.66374707,0.076758062,118.2498939,0.157378515,Sad
-0.219939742,0.670434334,88.07905234,0.753937684,Romantic
-33.08336214,0.41078881,100.8614048,0.467802412,Groovy
-6.828253172,0.415443001,113.1111837,0.598182446,Groovy
-24.41733995,0.024005045,187.5167918,0.264404298,Sad
-36.50845811,0.335371606,146.1486977,0.527624457,Calm
-35.24268955,0.177082255,117.6725168,0.517461009,Calm
-59.80690418,0.956720434,66.78499255,0.549083223,Motivational
-54.42056161,0.393147129,65.53805092,0.777185909,Calm
-24.70786398,0.236923994,116.4254261,0.28540529,Sad
-31.14162661,0.096965671,150.8815551,0.844209586,Calm
-56.10878433,0.797514045,149.3395864,0.828667144,Happy
-25.20097275,0.677545805,104.8788514,0.822888068,Romantic
-26.36039434,0.475089873,119.7957425,0.701141131,Romantic
-19.41192377,0.072734948,192.6673122,0.29749267,Sad
-11.70066002,0.280600813,126.5239212,0.296348077,Sad
-43.81075679,0.349937854,104.4162844,0.725568248,Romantic
-10.49703539,0.782425812,167.28257,0.229826042,Energetic
-55.37650325,0.240670515,103.4047634,0.715236853,Romantic
-12.90618137,0.224657398,154.2211433,0.237516121,Sad
-17.53914392,0.39933258,66.57501914,0.379900522,Sad
-12.68310212,0.409672869,139.2852032,0.475906327,Groovy
-33.58806012,0.180891901,79.11042169,0.970573333,Calm
-51.1528484,0.799157971,92.01390519,0.716063053,Happy
-40.30843478,0.334192714,183.5493147,0.323194065,Sad
-46.76328284,0.578359763,126.328261,0.626244823,Calm
-15.86021315,0.804165565,60.99351455,0.188929814,Energetic
-0.099149316,0.866423184,174.7157523,0.859434583,Happy
-4.013200119,0.059617325,110.3754861,0.256254924,Sad
-21.44608803,0.692050553,135.7071884,0.380194998,Groovy
-34.7251168,0.139987377,154.8220961,0.871271851,Calm
-52.89982854,0.402739485,134.3875935,0.683699546,Calm
-35.40570662,0.519611676,115.9607371,0.019683215,Groovy
-9.611862862,0.996526309,193.5185077,0.73564266,Happy
-25.68766373,0.675456045,101.7410499,0.813182147,Romantic
-48.93142481,0.133009799,177.9576302,0.925788549,Calm
-38.2658735,0.158736763,110.7054244,0.909265043,Romantic
-39.92932268,0.949273106,152.465761,0.512169956,Motivational
-10.09817738,0.991532776,144.2361252,0.689896003,Happy
-43.6157514,0.20831539,68.49562965,0.883997777,Calm
-28.91527403,0.355439337,117.8679444,0.206986303,Sad
-42.07646558,0.66921903,136.5260916,0.918193158,Calm
-3.559245293,0.48380254,121.0465764,0.815180232,Groovy
-44.44219447,0.418389533,164.8141045,0.978856015,Calm
-34.22059124,0.357811249,175.9094936,0.880251773,Calm
-7.636184971,0.593780632,167.9740304,0.27993733,Dark
-9.483985992,0.575593429,65.43381269,0.105955911,Dark
-48.83391493,0.161457834,87.17802786,0.112241072,Sad
-11.84140141,0.471739838,135.1250513,0.291223319,Dark
-32.5087868,0.553471776,190.8750857,0.614183724,Calm
-31.02186767,0.570286939,176.8939485,0.804320326,Calm
-51.99120166,0.210107193,177.9548312,0.899250307,Calm
-55.16390917,0.742271392,102.4491471,0.623753384,Happy
-16.32364158,0.025199095,120.1227056,0.005631313,Sad
-30.21233086,0.354831856,125.8988326,0.186316777,Sad
-14.91749484,0.735025186,189.9910853,0.647070166,Happy
-56.57671673,0.261333018,108.3868236,0.95601971,Romantic
-44.29765898,0.599299287,65.43192366,0.51666426,Calm
-45.18127206,0.513707855,86.14815395,0.736017368,Romantic
-45.02722801,0.006464358,167.3475699,0.929020886,Calm
-43.68301643,0.496239222,109.0899768,0.377968356,Groovy
-57.98318399,0.174409267,95.06761254,0.544531293,Calm
-56.24080779,0.471649491,172.826818,0.532310263,Calm
-5.613752799,0.091421992,99.15433992,0.075871641,Sad
-51.64527773,0.625681912,86.81298509,0.698215453,Romantic
-28.05475906,0.550531681,130.5968845,0.623772191,Calm
-6.009999259,0.896574658,70.99507399,0.720322916,Happy
-58.69059619,0.196294302,109.896663,0.529435741,Calm
-20.17261883,0.022564512,164.6712554,0.395489076,Sad
-2.196333947,0.861664885,137.0966763,0.322338458,Energetic
-26.38990899,0.577117082,174.3510717,0.610393867,Calm
-3.790652278,0.890658455,194.3429007,0.939108698,Happy
-56.86452724,0.596945223,170.9727467,0.67174484,Calm
-44.39053254,0.429673363,129.0678223,0.460684973,Groovy
-16.1507421,0.749859931,65.60967209,0.890824132,Happy
-1.12217457,0.913041467,197.805077,0.094462426,Energetic
-44.60819625,0.572122964,113.6873572,0.988875712,Romantic
-20.74952391,0.180785151,81.31194995,0.949069394,Romantic
-48.11414203,0.268797615,153.3392398,0.078274481,Sad
-26.08018473,0.198644577,99.80036047,0.93341332,Romantic
-32.1640508,0.246857028,142.0089579,0.36313259,Sad
-23.48836364,0.555133787,122.4021749,0.418383338,Groovy
-53.15425291,0.426499747,97.09538862,0.634243091,Romantic
-50.92519028,0.61542078,122.8085628,0.774477419,Calm
-46.4809842,0.081574926,135.276898,0.033789151,Sad
-44.94200032,0.087788237,152.9074609,0.593155996,Calm
-8.96303653,0.17182946,169.7560591,0.186732994,Sad
-26.3266327,0.518077498,115.2730196,0.345949518,Groovy
-28.59654532,0.213994679,150.4465722,0.347968666,Sad
-16.63114181,0.811866124,113.6282329,0.107361118,Energetic
-55.93989829,0.013862136,162.1329991,0.145628739,Sad
-55.09647926,0.79865578,128.1915562,0.954447695,Happy
-30.91822277,0.020137849,133.815721,0.946264493,Calm
-50.05352759,0.153783706,190.1818675,0.733361515,Calm
-3.25811118,0.886171294,127.7315655,0.637498803,Happy
-9.001477711,0.458518562,128.6628735,0.645277755,Groovy
-35.2940675,0.679066604,94.57515775,0.504754324,Calm
-20.94159197,0.931740403,185.9457485,0.697091138,Happy
-27.27408784,0.996949417,187.5153908,0.586820445,Motivational
-56.26361365,0.720157461,192.0634157,0.832779071,Happy
-29.24984107,0.287221209,132.8322685,0.072271709,Sad
-11.61578297,0.879752402,154.7931299,0.690701039,Happy
-32.44560734,0.049220915,168.9922232,0.53402773,Calm
-56.88260535,0.231080853,78.34204661,0.379160864,Sad
-12.82330804,0.897385717,144.1340073,0.340274982,Energetic
-47.91817307,0.256191514,64.80170618,0.620832633,Calm
-44.48274991,0.22065106,129.6592517,0.890995375,Calm
-40.18709611,0.859111758,85.60920963,0.824723164,Happy
-14.59490966,0.500058259,111.1066593,0.402156382,Groovy
-28.83684843,0.674893203,120.5412033,0.102394463,Groovy
-47.70712355,0.239066384,147.2441394,0.061505736,Sad
-7.330195311,0.758040421,70.41997858,0.051334371,Energetic
-7.225088703,0.760005545,130.5168466,0.380150142,Energetic
-7.765294497,0.312598025,85.56751824,0.337237751,Sad
-45.67222732,0.410682633,140.3565245,0.717937024,Calm
-32.92563935,0.209690277,149.2366457,0.742821502,Calm
-0.900620632,0.976561023,137.9392959,0.050853969,Energetic
-13.67925142,0.645602577,163.3613715,0.221123263,Dark
-56.08772452,0.303385544,167.1149228,0.547611984,Calm
-5.446787648,0.765858644,127.7858298,0.133941219,Energetic
-27.67789212,0.691655652,150.7342978,0.943788889,Calm
-30.13124952,0.965638975,62.57017376,0.804202907,Happy
-53.671578,0.393555336,151.559191,0.180654902,Sad
-10.67381036,0.671708859,103.3785963,0.355621999,Groovy
-37.17479955,0.7293098,72.01119989,0.791004074,Happy
-2.131400766,0.206817893,189.2513246,0.127849737,Sad
-47.77401245,0.504455942,156.499105,0.738992063,Calm
-28.60022213,0.312189737,77.79436593,0.396887978,Sad
-42.77172251,0.427466528,109.9412437,0.262924248,Groovy
-21.92505495,0.232224691,66.11253002,0.343115516,Sad
-12.12515042,0.405325361,93.12863841,0.241905773,Dark
-36.24177164,0.269161571,184.5648586,0.398502029,Sad
-5.094595896,0.198631614,61.28317703,0.019172911,Sad
-28.01826797,0.78338722,88.19587439,0.772497846,Happy
-18.24605291,0.370232186,145.8762585,0.043904614,Sad
-12.40431897,0.751278924,96.63399133,0.653698693,Happy
-40.99429938,0.896995289,69.37875322,0.773936129,Happy
-8.56924458,0.846124211,63.94678766,0.813829132,Happy
-0.988711637,0.37667644,118.2279116,0.737227677,Romantic
-51.55730832,0.339240661,160.8466717,0.699713077,Calm
-47.8790599,0.062431327,188.559905,0.246270734,Sad
-48.94650965,0.486173654,117.1256646,0.903407756,Romantic
-6.3606174,0.109013616,86.77883195,0.104371458,Sad
-50.87374301,0.316942622,187.1317162,0.860247811,Calm
-33.5805949,0.808826323,172.612418,0.687898645,Happy
-23.0821185,0.87548865,69.21617807,0.938749888,Happy
-54.9921549,0.302466317,156.960192,0.722311168,Calm
-7.055017896,0.858698121,140.0656531,0.190456997,Energetic
-11.78378787,0.857230937,187.0448447,0.442156138,Energetic
-1.972403084,0.146695114,134.7650558,0.389657422,Sad
-34.93434124,0.690322847,183.1247771,0.74160302,Calm
-0.953380858,0.945024065,117.4033301,0.386443351,Energetic
-19.92480007,0.682540479,127.4792885,0.330294175,Groovy
-50.04270628,0.500579317,98.94010966,0.872204529,Romantic
-7.084334502,0.645725043,105.4309309,0.047583193,Dark
-50.26599565,0.119952942,99.57343048,0.158240742,Sad
-59.2435488,0.312064045,124.5216229,0.695354251,Calm
-28.35602267,0.861418046,82.70567214,0.664807759,Happy
-16.83878266,0.137300033,128.1019342,0.286180871,Sad
-6.584516819,0.952386752,163.3954655,0.198916814,Energetic
-55.23560492,0.328822618,181.3597298,0.936352558,Calm
-8.509376811,0.811946235,77.67968616,0.021626992,Energetic
-10.85618917,0.945749702,192.4087096,0.483593048,Energetic
-27.5523747,0.312919548,78.56037085,0.501047378,Calm
-17.38543208,0.858506455,168.4542112,0.321662471,Energetic
-41.13899321,0.131686903,97.07428505,0.132161778,Sad
-10.70178614,0.74197773,160.7943355,0.67226294,Happy
-32.44408817,0.677723241,165.5339198,0.782395809,Calm
-38.53210408,0.252314736,90.66828423,0.530750602,Calm
-30.34725316,0.873043147,122.0255967,0.589834394,Motivational
-10.30504485,0.168858463,146.4938472,0.200616371,Sad
-39.88751716,0.053634792,167.7963065,0.287330333,Sad
-10.44130724,0.84909802,184.6308939,0.22488678,Energetic
-53.96175129,0.383397141,97.84880267,0.519448786,Calm
-45.60755323,0.168278589,175.186434,0.562688756,Calm
-51.48168061,0.836442192,132.5653492,0.944947421,Happy
-39.12351531,0.548909632,124.6529074,0.195570647,Groovy
-32.97894127,0.189195792,104.0207748,0.64167571,Romantic
-15.07041978,0.720383999,141.3356021,0.817259269,Happy
-22.74428595,0.604312982,117.5306067,0.255003653,Groovy
-9.513146815,0.828708984,157.903809,0.039253053,Energetic
-1.253703719,0.709388822,67.27525374,0.744603679,Happy
-21.9514717,0.105401377,180.3646928,0.047517757,Sad
-19.42934628,0.671012981,96.73825144,0.706232499,Romantic
-40.49375907,0.697024166,93.84703105,0.782651563,Romantic
-55.82153111,0.879279556,184.1564155,0.698074338,Happy
-8.655764466,0.112590467,164.9616045,0.159913245,Sad
-9.777532485,0.886380362,126.6479383,0.57996782,Motivational
-43.24343469,0.047196702,198.8360597,0.948053282,Calm
-29.24071481,0.631375978,130.2018063,0.328919778,Groovy
-41.6813594,0.270559256,92.70746691,0.508311694,Calm
-47.24133742,0.248791789,117.3385298,0.023975447,Sad
-41.76321593,0.298272454,167.9714741,0.819868148,Calm
-7.727731064,0.139254071,142.9595456,0.285525072,Sad
-14.03611341,0.010715298,113.1894007,0.298042523,Sad
-12.6931594,0.544257337,130.2709813,0.383101434,Groovy
-20.10090579,0.975778819,144.7099755,0.83557071,Happy
-44.38278855,0.369136194,138.3846745,0.967213207,Calm
-19.75606129,0.344091618,130.6905926,0.393352839,Sad
-26.37356214,0.520543837,84.69766746,0.846550776,Romantic
-33.17666737,0.879914627,135.8464448,0.552018172,Motivational
-27.20110679,0.138371595,190.542157,0.531988318,Calm
-37.17596706,0.982739541,192.6229659,0.80903455,Happy
-1.391980289,0.249972891,111.6624825,0.78073273,Romantic
-53.3567644,0.073364067,78.9723623,0.215004768,Sad
-34.6470943,0.663146249,132.5759477,0.715635551,Calm
-57.47851949,0.59536637,75.76529211,0.800054408,Calm
-4.915406868,0.422192234,85.70114783,0.172609113,Dark
-14.76228578,0.418969774,123.8843549,0.188041093,Dark
-11.70559339,0.458028617,83.9075564,0.859665548,Romantic
-58.91960666,0.256647207,97.40938537,0.257755216,Sad
-2.231378576,0.752114333,131.2758739,0.226429605,Energetic
-10.23632011,0.596050116,139.2046229,0.215085229,Dark
-7.634769626,0.43526228,191.2786462,0.169705239,Dark
-53.24517658,0.920691401,187.7156386,0.718460178,Happy
-54.20793179,0.204242106,78.41914293,0.714087023,Calm
-45.4863703,0.418695143,102.3187381,0.735935392,Romantic
-59.25575782,0.219634929,185.3119242,0.138275528,Sad
-31.87392207,0.000227038,196.0874864,0.966178025,Calm
-41.92408435,0.915001538,180.3054931,0.821031947,Happy
-42.00485331,0.167814596,119.2701238,0.125661146,Sad
-15.40840808,0.120363576,61.30344071,0.138378563,Sad
-57.11142984,0.067604749,121.9351237,0.748161799,Calm
-5.826300288,0.724029189,66.44968375,0.469654257,Energetic
-8.864167537,0.928807961,136.142909,0.782934173,Happy
-19.93171901,0.430535821,107.3975638,0.746254894,Romantic
-48.88018923,0.348831907,181.6321534,0.018355724,Sad
-55.26185027,0.374824924,152.6662207,0.311777647,Sad
-45.62938981,0.621330624,120.7668416,0.637822179,Calm
-12.32530328,0.718718113,174.7198995,0.009344953,Energetic
-57.919784,0.110603599,186.7814993,0.032976944,Sad
-25.03158989,0.035590231,76.7663953,0.851887982,Calm
-0.273749029,0.994330303,134.4706169,0.684024862,Happy
-8.65823437,0.232728349,99.83167436,0.265369733,Sad
-28.71325866,0.053830525,66.5885677,0.68796284,Calm
-56.18154544,0.189875329,153.5965373,0.792456669,Calm
-10.11758914,0.038957846,180.7879088,0.306794283,Sad
-24.06128951,0.391810895,82.80637163,0.036037377,Sad
-53.10402018,0.802401784,173.7379121,0.932779125,Happy
-54.36856291,0.34124445,179.4754027,0.345179838,Sad
-5.422390834,0.444183407,188.007662,0.106481763,Dark
-7.261265983,0.861445686,104.8927857,0.221647315,Energetic
-28.95321889,0.009910695,67.07104592,0.242714987,Sad
-34.17435538,0.778046306,66.14335237,0.991673053,Happy
-33.92424235,0.988840541,122.2271969,0.575520217,Motivational
-13.56722066,0.483232076,95.88093255,0.925264642,Romantic
-6.448602603,0.754569361,153.7934887,0.970854198,Happy
-33.39719914,0.248604885,60.05621616,0.947477234,Calm
-24.49817026,0.857530608,86.80854609,0.634055056,Happy
-17.84197361,0.097366894,114.0730953,0.760891473,Romantic
-45.7539919,0.706371997,127.8802236,0.986027928,Happy
-29.25817335,0.345579586,109.6993162,0.180423822,Sad
-53.74651183,0.006982262,104.8997031,0.7660259,Romantic
-30.73997588,0.234754422,149.8211554,0.175626466,Sad
-29.62403643,0.30781915,73.23788827,0.99515941,Calm
-21.95375812,0.241165214,166.173868,0.3991093,Sad
-55.74406703,0.233567361,144.8419365,0.615400755,Calm
-44.73650515,0.06818662,139.8437511,0.365244202,Sad
-38.28881441,0.18712427,67.50071835,0.392785646,Sad
-31.6503987,0.55554957,79.66986137,0.695640753,Calm
-57.26107527,0.291361073,147.1569155,0.937886976,Calm
-51.59855415,0.417394782,89.0953378,0.54235895,Calm
-43.39114153,0.37686688,130.5698112,0.768399929,Calm
-1.708038546,0.875904925,136.283436,0.089206559,Energetic
-31.07753651,0.492956972,192.7795218,0.502131641,Calm
-48.23413724,0.33015595,177.944975,0.020011724,Sad
-23.35319574,0.106800704,161.1322911,0.252854979,Sad
-43.15900707,0.953402879,70.9191413,0.51740129,Motivational
-47.58044529,0.060226945,74.8582027,0.014961198,Sad
-29.00564229,0.297650278,128.9893884,0.264546286,Sad
-59.66965205,0.298066201,82.49986889,0.514030819,Calm
-59.54015804,0.320401286,196.9571649,0.573149248,Calm
-46.85587145,0.164286843,82.19283276,0.925751693,Romantic
-57.79671825,0.783161431,128.245497,0.645345623,Happy
-39.66836104,0.634906659,149.514099,0.930351177,Calm
-25.6770814,0.070535638,120.2442999,0.200008921,Sad
-42.39067061,0.190128766,184.2852135,0.675811636,Calm
-4.094776834,0.821250155,65.6819997,0.559883166,Motivational
-36.17909753,0.544630871,187.9218492,0.789673614,Calm
-54.77443399,0.07785652,176.6191794,0.73880505,Calm
-22.97600903,0.955448191,101.6599003,0.625211534,Happy
-53.16969639,0.246961167,170.5006917,0.986382172,Calm
-39.28661143,0.859645345,64.36989845,0.53358973,Motivational
-29.55528368,0.168810006,195.361177,0.113105757,Sad
-7.546648519,0.853942882,133.723292,0.828273565,Happy
-30.38720518,0.013228813,102.4593436,0.251853362,Sad
-17.86447404,0.511780457,110.7616498,0.777302148,Romantic
-0.43098966,0.769442579,69.29674948,0.957107096,Happy
-52.11065281,0.934795517,198.508932,0.696795514,Happy
-43.51610847,0.909202136,65.50087232,0.596030161,Motivational
-35.33873548,0.199219686,192.8482705,0.353004751,Sad
-5.543339847,0.284184296,94.43996364,0.636372706,Romantic
-41.43763693,0.39332067,158.4013022,0.198410101,Sad
-2.696369311,0.159879763,87.1304782,0.791640072,Romantic
-59.90609369,0.167566539,163.3411057,0.53662328,Calm
-21.81591779,0.310308482,86.47941749,0.771136048,Romantic
-56.93187711,0.503345131,140.2888469,0.661265306,Calm
-56.42851798,0.739469233,180.627493,0.895412711,Happy
-53.13074172,0.547045346,109.3232438,0.118852578,Groovy
-36.96966702,0.087446502,92.7680885,0.014949971,Sad
-32.62580946,0.377363177,66.96934021,0.890018901,Calm
-52.73849997,0.039811439,151.5930092,0.729699627,Calm
-34.86313259,0.273988099,134.7063704,0.811015375,Calm
-14.92931713,0.955649467,192.165779,0.858986391,Happy
-55.73954013,0.953632608,115.4788167,0.991594236,Happy
-55.18919916,0.352327054,157.1408679,0.29403971,Sad
-38.71372249,0.043100109,128.5051846,0.710243342,Calm
-3.496457303,0.179094939,131.7606702,0.115399858,Sad
-19.2798026,0.947779698,123.6931088,0.847971693,Happy
-38.28480055,0.141199064,125.9098996,0.367658046,Sad
-59.39212896,0.108682539,191.6895999,0.503773444,Calm
-21.83423722,0.981257577,106.1049788,0.645951531,Happy
-16.56161667,0.627668877,83.58167716,0.863028779,Romantic
-5.852801563,0.146021019,197.8900752,0.078527186,Sad
-56.01336934,0.93806414,192.4084604,0.560539352,Motivational
-59.29760336,0.62543345,158.6291091,0.849034513,Calm
-34.67794439,0.808268211,123.5385189,0.521599513,Motivational
-42.29755754,0.069036937,135.6855392,0.933276412,Calm
-30.83997037,0.334789042,178.9440245,0.806016505,Calm
-25.3680068,0.313703125,127.2188915,0.692971794,Calm
-57.37565566,0.635645322,112.2490317,0.005025503,Groovy
-26.48145621,0.148506782,141.0781726,0.197486282,Sad
-39.40995881,0.596467075,86.47087153,0.910797911,Romantic
-16.24959075,0.814383921,186.1270822,0.174583985,Energetic
-20.86250108,0.382123494,154.3861728,0.286060052,Sad
-18.4504304,0.196688197,73.92947167,0.263363619,Sad
-34.20413536,0.237483305,144.5843513,0.209864677,Sad
-41.62119007,0.600945485,133.8235254,0.058167759,Groovy
-12.6608904,0.696079862,116.3899748,0.372245295,Groovy
-33.21482902,0.362501985,142.4334378,0.720664455,Calm
-12.09717957,0.823997652,72.49110353,0.554806758,Motivational
-5.00188585,0.800938722,198.194012,0.365451485,Energetic
-34.14088677,0.180158648,138.5610297,0.936146335,Calm
-40.8679909,0.109863114,156.2411605,0.054904891,Sad
-25.0680752,0.883683968,105.5585593,0.673391479,Happy
-37.72965459,0.342929663,73.26344807,0.891282665,Calm
-17.66484824,0.025348604,100.076265,0.184041035,Sad
-18.69569889,0.690046888,119.3331459,0.295926349,Groovy
-37.52682678,0.316101312,150.980949,0.717047939,Calm
-49.9883879,0.055740854,63.45762168,0.084270559,Sad
-34.16823969,0.609812762,173.4362783,0.8118617,Calm
-51.44435136,0.240803816,135.1209466,0.718906945,Calm
-6.594177889,0.386807242,98.95040619,0.729606649,Romantic
-39.24735236,0.080580812,68.62511794,0.10024137,Sad
-50.73241517,0.147163251,82.74977817,0.717760545,Romantic
-58.47313441,0.297977235,185.3047402,0.679818125,Calm
-39.56375001,0.006047043,69.18410709,0.023110668,Sad
-35.42226631,0.123247458,140.1370816,0.148788284,Sad
-41.3269503,0.307679089,116.6327334,0.558384478,Calm
-19.37276162,0.92605956,110.9056029,0.917348902,Happy
-23.65324503,0.161694553,90.35399863,0.39147973,Sad
-38.12437631,0.96583232,153.7455759,0.844950377,Happy
-46.92644674,0.205794377,195.8935239,0.000240875,Sad
-0.717842031,0.741566108,84.60013442,0.168514643,Energetic
-18.70354585,0.884478728,119.3859078,0.328147181,Energetic
-51.56682195,0.553993256,122.536421,0.908189596,Calm
-58.34779681,0.195458,175.5188826,0.606409777,Calm
-2.158955573,0.916489151,136.0768193,0.938468212,Happy
-36.94759722,0.327838199,102.6665278,0.122519143,Sad
-57.66023925,0.372082255,85.45318519,0.212027851,Sad
-58.59887422,0.737927769,156.6105496,0.869905934,Happy
-14.62718316,0.597429243,114.6527024,0.604940813,Romantic
-32.48861947,0.880895161,118.2084721,0.614090738,Happy
-42.64531368,0.049605908,125.6848495,0.531910697,Calm
-5.995009019,0.257062692,111.4791911,0.091850337,Sad
-2.644870263,0.226978539,103.3484534,0.99950519,Romantic
-41.16199696,0.743905187,152.9228105,0.835229291,Happy
-6.695779661,0.919208031,153.2098162,0.893459054,Happy
-23.82342741,0.42377012,100.071403,0.823226359,Romantic
-10.39755842,0.3421326,124.4143677,0.103041693,Sad
-0.959210207,0.961550732,87.08261192,0.227448254,Energetic
-36.63108631,0.351649872,185.544517,0.108607402,Sad
-39.57677374,0.568955483,91.85474277,0.677127489,Romantic
-27.51554356,0.762174587,99.14420057,0.874505295,Happy
-50.75129741,0.811806718,77.83713004,0.749217165,Happy
-26.77731088,0.341849042,149.4968036,0.938585596,Calm
-14.28589124,0.848471774,78.78833969,0.012179835,Energetic
-44.43990616,0.623210373,138.0394643,0.330887088,Groovy
-56.54114507,0.805097312,151.1159131,0.511436406,Motivational
-43.78513847,0.395053338,135.0974536,0.512428551,Calm
-33.35737505,0.356982429,145.0867876,0.741806475,Calm
-22.42594071,0.634744141,116.6588224,0.75670491,Romantic
-30.66613009,0.186419805,91.52899403,0.666905387,Romantic
-0.369096666,0.545695969,127.1236969,0.588086246,Groovy
-25.83735833,0.748608709,111.5613655,0.549978986,Calm
-22.76037121,0.482601236,112.2822428,0.491790633,Groovy
-47.92127353,0.21603144,113.6948317,0.565456366,Calm
-36.2917354,0.96727119,177.1268295,0.715505955,Happy
-31.46723775,0.957134833,145.983639,0.749625752,Happy
-27.41852496,0.427105045,106.7800231,0.13588615,Groovy
-2.15826917,0.897955216,65.37094059,0.976079686,Happy
-16.67140587,0.707278912,131.784986,0.060436545,Energetic
-7.801850421,0.446726469,129.6034193,0.186244938,Dark
-52.51075116,0.000943415,182.0172599,0.950611775,Calm
-3.35747437,0.66331071,121.5251524,0.312001306,Groovy
-51.07224184,0.839099699,129.485188,0.909823641,Happy
-32.2394637,0.550660459,116.5105372,0.870400463,Romantic
-8.187148649,0.60025141,194.5984609,0.293389676,Dark
-37.48020552,0.769746623,173.046911,0.815820851,Happy
-47.80661453,0.57356328,115.620781,0.325132928,Groovy
-36.80756959,0.648464557,139.7275343,0.81873799,Calm
-29.32347227,0.068440709,180.5558928,0.124614208,Sad
-30.4604712,0.897397318,70.96735049,0.857655988,Happy
-25.36325825,0.119381011,70.16047173,0.897508835,Calm
-1.155639385,0.815745381,89.79901205,0.397487992,Energetic
